{"type":"FeatureCollection","crs":{"type":"name","properties":{"name":"urn:ogc:def:crs:OGC::CRS84"}},"features":[{"type":"Feature","properties":{"osm_id":1115082,"name":"Кронштадтский район"},"geometry":{"type":"MultiPolygon","coordinates":[[[[29.54289,60.04227],[29.54305,60.04232],[29.54321,60.04234],[29.54306,60.0424],[29.54298,60.04248],[29.54294,60.04266],[29.543,60.0427],[29.54283,60.04278],[29.54279,60.04275],[29.54253,60.04274],[29.5423,60.04283],[29.54222,60.04281],[29.54181,60.04304],[29.54185,60.0433],[29.54098,60.04362],[29.5407,60.04364],[29.54048,60.04373],[29.53985,60.04406],[29.53962,60.04416],[29.53958,60.04416],[29.5395,60.04414],[29.53948,60.04409],[29.53974,60.04395],[29.54004,60.04377],[29.54019,60.04364],[29.54026,60.04354],[29.5404,60.04361],[29.54059,60.04356],[29.54089,60.04346],[29.54146,60.0431],[29.54171,60.04295],[29.54185,60.04286],[29.54193,60.04275],[29.54176,60.0427],[29.54157,60.04248],[29.54184,60.04232],[29.54218,60.04221],[29.54289,60.04227]]],[[[29.67057,59.93769],[29.67124,59.93769],[29.672,59.93761],[29.67207,59.9376],[29.67239,59.93754],[29.67254,59.9375],[29.67304,59.93741],[29.67423,59.94039],[29.67428,59.94042],[29.67434,59.94054],[29.67433,59.94057],[29.67413,59.94063],[29.67419,59.94078],[29.67429,59.9414],[29.67434,59.94152],[29.67439,59.94183],[29.67449,59.94208],[29.67459,59.94235],[29.67475,59.94283],[29.67488,59.94315],[29.67531,59.94346],[29.67564,59.94375],[29.67583,59.94405],[29.67602,59.94449],[29.67614,59.94489],[29.67625,59.94521],[29.67632,59.94552],[29.67639,59.94565],[29.67641,59.94581],[29.67651,59.94611],[29.67653,59.94627],[29.67639,59.94657],[29.67638,59.94682],[29.6776,59.94978],[29.67781,59.94993],[29.67788,59.95011],[29.6781,59.95022],[29.67825,59.95046],[29.67843,59.95102],[29.67854,59.95133],[29.67871,59.95182],[29.67933,59.95335],[29.67952,59.95384],[29.67981,59.95446],[29.68,59.95497],[29.68004,59.95519],[29.68056,59.9565],[29.68061,59.95685],[29.6814,59.95879],[29.68144,59.9589],[29.68142,59.95903],[29.68132,59.95924],[29.68132,59.9594],[29.68142,59.95968],[29.68168,59.96007],[29.6817,59.96012],[29.68181,59.96039],[29.68198,59.96078],[29.68219,59.9609],[29.68219,59.961],[29.68321,59.96346],[29.68346,59.96415],[29.6836,59.96455],[29.68375,59.96472],[29.68359,59.96482],[29.68369,59.96512],[29.6838,59.96522],[29.68408,59.96613],[29.68424,59.96627],[29.68431,59.96636],[29.68435,59.96654],[29.68488,59.96786],[29.68507,59.96818],[29.68557,59.96944],[29.6865,59.97191],[29.68657,59.97204],[29.68649,59.97225],[29.68684,59.97308],[29.68706,59.97325],[29.68732,59.97388],[29.68734,59.974],[29.68728,59.97405],[29.68731,59.97419],[29.68773,59.9753],[29.68793,59.97548],[29.68798,59.97566],[29.68832,59.97645],[29.68837,59.97657],[29.68826,59.97681],[29.68823,59.97692],[29.68838,59.97725],[29.68841,59.97746],[29.68872,59.97772],[29.68875,59.97781],[29.689,59.97836],[29.68907,59.97852],[29.68897,59.9788],[29.6891,59.97911],[29.68984,59.98064],[29.69082,59.98118],[29.69121,59.98117],[29.69154,59.98131],[29.69155,59.98139],[29.6915,59.98147],[29.69283,59.98217],[29.69315,59.98245],[29.69384,59.9832],[29.69427,59.98366],[29.69649,59.98657],[29.69713,59.98724],[29.69734,59.98733],[29.6976,59.98737],[29.69874,59.98762],[29.69956,59.98784],[29.6999,59.98791],[29.70019,59.98803],[29.70017,59.98815],[29.70048,59.98821],[29.7007,59.98827],[29.7008,59.98834],[29.70077,59.98844],[29.70068,59.98849],[29.70052,59.98851],[29.70024,59.98847],[29.70012,59.98844],[29.69995,59.98846],[29.69954,59.98838],[29.69888,59.98823],[29.69834,59.98811],[29.69783,59.98796],[29.69744,59.98786],[29.69721,59.98785],[29.69698,59.98786],[29.69673,59.9879],[29.6965,59.98795],[29.69633,59.98804],[29.69629,59.98854],[29.69657,59.98898],[29.69659,59.98906],[29.69659,59.98912],[29.69668,59.98916],[29.69674,59.98922],[29.69684,59.98943],[29.69685,59.98969],[29.6986,59.992],[29.6985,59.9929],[29.69911,59.99385],[29.69898,59.99388],[29.69937,59.99443],[29.6993,59.9946],[29.70009,59.99566],[29.70017,59.99569],[29.70027,59.99568],[29.70015,59.9954],[29.70077,59.99497],[29.7011,59.99494],[29.70168,59.99453],[29.70184,59.99443],[29.70199,59.99437],[29.70245,59.99424],[29.70238,59.99418],[29.70268,59.99407],[29.70311,59.99392],[29.70337,59.9938],[29.70354,59.9938],[29.70367,59.99386],[29.7041,59.99372],[29.70443,59.99346],[29.70405,59.99303],[29.70385,59.99298],[29.7036,59.99263],[29.70354,59.99256],[29.70305,59.99202],[29.70338,59.99194],[29.70316,59.9917],[29.7032,59.99162],[29.70339,59.99158],[29.70353,59.99163],[29.70365,59.99177],[29.70379,59.99174],[29.70507,59.9932],[29.70558,59.99327],[29.70617,59.9933],[29.70628,59.99347],[29.70645,59.99363],[29.70663,59.99371],[29.70688,59.9937],[29.70713,59.99445],[29.70686,59.99452],[29.70659,59.99456],[29.70633,59.99453],[29.70631,59.99455],[29.70618,59.99464],[29.70596,59.99464],[29.70549,59.99452],[29.70537,59.99451],[29.70437,59.99471],[29.70317,59.99488],[29.70295,59.99499],[29.70276,59.99509],[29.70254,59.99527],[29.70249,59.99535],[29.70246,59.99542],[29.70248,59.99551],[29.70253,59.99548],[29.70261,59.99551],[29.70243,59.99562],[29.70247,59.99574],[29.70257,59.9958],[29.70305,59.9958],[29.70343,59.99593],[29.70352,59.996],[29.70356,59.9961],[29.70365,59.99631],[29.70368,59.99637],[29.70382,59.9966],[29.70388,59.99681],[29.70385,59.99694],[29.70384,59.99703],[29.70343,59.99774],[29.70363,59.99793],[29.70373,59.99813],[29.70414,59.99825],[29.70438,59.99822],[29.70458,59.99811],[29.70537,59.99748],[29.70564,59.99742],[29.70583,59.99743],[29.70574,59.99745],[29.7057,59.9975],[29.7054,59.99756],[29.7049,59.99795],[29.70455,59.99821],[29.70453,59.9985],[29.70451,59.99854],[29.7045,59.99858],[29.7045,59.99873],[29.70475,59.99895],[29.70521,59.99915],[29.70538,59.99917],[29.70878,60.00238],[29.70901,60.00233],[29.71069,60.00389],[29.71116,60.00434],[29.71128,60.00445],[29.71152,60.00439],[29.71285,60.00559],[29.7155,60.00484],[29.71589,60.00475],[29.71601,60.00483],[29.71613,60.00495],[29.71624,60.00498],[29.71633,60.00511],[29.71652,60.00515],[29.71687,60.00514],[29.71738,60.00512],[29.71784,60.00516],[29.71794,60.00512],[29.71792,60.00506],[29.71804,60.00498],[29.71814,60.00499],[29.71849,60.00484],[29.71834,60.00477],[29.71848,60.00465],[29.71878,60.00473],[29.71924,60.00448],[29.7196,60.00443],[29.72018,60.00447],[29.72027,60.0045],[29.72048,60.00426],[29.7211,60.00415],[29.72132,60.00418],[29.72192,60.0042],[29.72208,60.00422],[29.72222,60.00415],[29.72235,60.00397],[29.72241,60.00385],[29.72263,60.00359],[29.72244,60.00355],[29.72227,60.00345],[29.7222,60.00334],[29.72226,60.00325],[29.72244,60.00317],[29.7227,60.00317],[29.72292,60.00322],[29.72315,60.00332],[29.72376,60.00324],[29.72402,60.00331],[29.72413,60.00329],[29.72414,60.00323],[29.72424,60.00321],[29.72422,60.00311],[29.72477,60.00296],[29.72467,60.00278],[29.72538,60.00267],[29.72571,60.00279],[29.7267,60.00262],[29.72743,60.00232],[29.72792,60.00221],[29.7285,60.00193],[29.72871,60.00156],[29.72928,60.0013],[29.72996,60.00133],[29.73058,60.00163],[29.73199,60.00114],[29.73222,60.00113],[29.73253,60.00128],[29.73261,60.0014],[29.73245,60.0015],[29.73257,60.0016],[29.73283,60.00162],[29.73287,60.00158],[29.73289,60.00141],[29.73307,60.00118],[29.73384,60.00088],[29.73442,60.00048],[29.73514,60.00048],[29.73592,60.00018],[29.73652,59.99996],[29.73762,60.00004],[29.73787,60.00015],[29.73837,60.00019],[29.73923,59.99966],[29.73968,59.99938],[29.73984,59.9988],[29.73989,59.99822],[29.74003,59.99808],[29.73992,59.99786],[29.73945,59.99766],[29.73969,59.99743],[29.73876,59.99702],[29.73871,59.99694],[29.73881,59.99684],[29.73873,59.99677],[29.73858,59.99671],[29.73843,59.99671],[29.73809,59.99694],[29.73791,59.99698],[29.73774,59.99694],[29.73757,59.99684],[29.7374,59.99679],[29.73706,59.99679],[29.73685,59.99683],[29.7366,59.9968],[29.73628,59.99685],[29.7359,59.99686],[29.73526,59.99701],[29.73508,59.997],[29.73441,59.99633],[29.73409,59.99597],[29.73385,59.99567],[29.73346,59.99521],[29.73364,59.99513],[29.73445,59.99494],[29.73652,59.99447],[29.73833,59.99403],[29.73843,59.99391],[29.73858,59.99384],[29.73883,59.99381],[29.73912,59.99384],[29.73948,59.99364],[29.73969,59.99345],[29.73993,59.99321],[29.73997,59.99305],[29.7387,59.99213],[29.7367,59.9907],[29.73687,59.99064],[29.74007,59.99292],[29.7408,59.99343],[29.74222,59.99329],[29.74304,59.99347],[29.74401,59.99373],[29.74703,59.99373],[29.74769,59.99353],[29.74814,59.99314],[29.74868,59.99305],[29.74906,59.99326],[29.74977,59.99281],[29.7502,59.99239],[29.75091,59.99189],[29.75195,59.99146],[29.7526,59.99124],[29.75282,59.99098],[29.7528,59.99081],[29.75236,59.98877],[29.75173,59.98862],[29.75094,59.9881],[29.75086,59.98796],[29.75221,59.98743],[29.75226,59.98597],[29.75251,59.98597],[29.75257,59.98417],[29.7526,59.98345],[29.75262,59.98309],[29.75362,59.98289],[29.75452,59.98268],[29.75529,59.98253],[29.75723,59.98214],[29.75726,59.98159],[29.75756,59.98154],[29.75799,59.98157],[29.75843,59.98186],[29.76133,59.98125],[29.76131,59.98122],[29.76253,59.98098],[29.76242,59.98071],[29.76307,59.98029],[29.76404,59.98038],[29.76421,59.98049],[29.76443,59.98045],[29.76454,59.98057],[29.76635,59.98021],[29.7667,59.98011],[29.76854,59.97974],[29.76837,59.9794],[29.76894,59.97906],[29.76926,59.97898],[29.77013,59.97901],[29.77072,59.97929],[29.77217,59.97899],[29.77395,59.97861],[29.77463,59.97848],[29.77477,59.97793],[29.77582,59.97797],[29.77625,59.97761],[29.77655,59.97736],[29.7779,59.97623],[29.77754,59.97584],[29.77762,59.97571],[29.77795,59.97546],[29.77806,59.97539],[29.77882,59.97547],[29.78147,59.97334],[29.78178,59.97308],[29.78421,59.97103],[29.78387,59.97086],[29.78445,59.97023],[29.78549,59.97057],[29.78514,59.97092],[29.78807,59.97185],[29.78859,59.972],[29.78897,59.9721],[29.78909,59.97194],[29.78986,59.97204],[29.79042,59.97214],[29.79175,59.97256],[29.79188,59.97277],[29.79245,59.97304],[29.7926,59.97339],[29.79238,59.97355],[29.79141,59.9738],[29.79098,59.97376],[29.79033,59.97395],[29.78958,59.97453],[29.78751,59.97609],[29.78695,59.97664],[29.78574,59.97743],[29.78485,59.97832],[29.78499,59.97851],[29.78604,59.97878],[29.78689,59.9789],[29.78779,59.97893],[29.78854,59.9789],[29.78926,59.97906],[29.78981,59.97917],[29.79039,59.97919],[29.7908,59.97913],[29.79118,59.97916],[29.79175,59.97939],[29.79242,59.97924],[29.79263,59.97888],[29.7927,59.97888],[29.79306,59.97805],[29.79338,59.97807],[29.79306,59.97872],[29.793,59.97888],[29.79302,59.97905],[29.79347,59.97928],[29.79382,59.97938],[29.79368,59.98045],[29.79447,59.9812],[29.79468,59.98145],[29.79478,59.98168],[29.79473,59.9818],[29.79456,59.98189],[29.79329,59.98214],[29.79309,59.98223],[29.79307,59.98262],[29.79321,59.98306],[29.7932,59.9833],[29.79248,59.98355],[29.79103,59.98375],[29.79138,59.9843],[29.79243,59.98415],[29.79296,59.98451],[29.79332,59.98479],[29.79382,59.9851],[29.79446,59.98545],[29.79484,59.98564],[29.79511,59.98555],[29.79563,59.98536],[29.7966,59.98501],[29.7977,59.98456],[29.79808,59.98447],[29.79986,59.98438],[29.79983,59.98431],[29.80024,59.98426],[29.80032,59.98434],[29.80082,59.98439],[29.80328,59.98376],[29.80338,59.98378],[29.80484,59.98322],[29.80492,59.98326],[29.80351,59.98382],[29.80346,59.98388],[29.80371,59.98412],[29.8042,59.9846],[29.80434,59.98458],[29.80437,59.98464],[29.80323,59.98487],[29.80332,59.98494],[29.80135,59.98522],[29.80112,59.98545],[29.80101,59.98559],[29.80046,59.98622],[29.8002,59.98668],[29.79986,59.98712],[29.79975,59.98732],[29.7997,59.98739],[29.7995,59.98761],[29.7994,59.98789],[29.79896,59.98854],[29.79914,59.98865],[29.79974,59.98972],[29.79933,59.9902],[29.7989,59.99037],[29.79857,59.99069],[29.79847,59.99093],[29.79862,59.99121],[29.79847,59.99129],[29.79838,59.9913],[29.79815,59.99126],[29.79807,59.99127],[29.79796,59.9913],[29.79706,59.99142],[29.79648,59.99157],[29.79603,59.9917],[29.79565,59.9918],[29.79528,59.992],[29.79489,59.99222],[29.79453,59.99239],[29.79381,59.99282],[29.79357,59.99291],[29.7922,59.99318],[29.79145,59.99332],[29.79042,59.99379],[29.78982,59.9942],[29.78951,59.99453],[29.78904,59.99487],[29.78848,59.99506],[29.78729,59.99519],[29.78589,59.99526],[29.78424,59.99562],[29.78296,59.99601],[29.78214,59.99619],[29.78139,59.99646],[29.78092,59.99683],[29.78073,59.99708],[29.78028,59.9975],[29.78048,59.99807],[29.78079,59.99839],[29.78143,59.99894],[29.7806,59.99928],[29.77988,59.99968],[29.77949,59.9999],[29.77897,60.00006],[29.77856,60.00025],[29.77861,60.00039],[29.77897,60.00042],[29.77897,60.00057],[29.77855,60.00065],[29.77833,60.00082],[29.77794,60.0014],[29.77806,60.00148],[29.77857,60.00166],[29.77858,60.00185],[29.77835,60.00181],[29.778,60.00199],[29.77779,60.00192],[29.77793,60.0018],[29.77769,60.00168],[29.77762,60.0015],[29.77749,60.00151],[29.77705,60.00127],[29.77653,60.00106],[29.77562,60.00065],[29.77538,60.00056],[29.77533,60.00055],[29.77524,60.00057],[29.77535,60.00065],[29.77558,60.00073],[29.77668,60.00132],[29.77694,60.00148],[29.7768,60.00154],[29.77687,60.0016],[29.77621,60.00158],[29.77436,60.00056],[29.77406,60.00069],[29.77631,60.00203],[29.77637,60.00216],[29.77627,60.00232],[29.77504,60.00185],[29.77506,60.00169],[29.7742,60.00133],[29.77367,60.00148],[29.7742,60.00191],[29.77479,60.00211],[29.77612,60.00284],[29.77589,60.00308],[29.77543,60.0031],[29.77398,60.00241],[29.77308,60.0015],[29.77268,60.00155],[29.77302,60.00242],[29.77343,60.00275],[29.77424,60.0031],[29.77446,60.00309],[29.77467,60.00337],[29.77457,60.0035],[29.77423,60.0035],[29.77388,60.0034],[29.7728,60.00285],[29.7728,60.00312],[29.77254,60.00344],[29.77103,60.0035],[29.77051,60.0035],[29.76959,60.00343],[29.76832,60.00417],[29.76891,60.00425],[29.76926,60.00448],[29.76906,60.00477],[29.7685,60.00505],[29.76836,60.0052],[29.76788,60.00537],[29.7675,60.00542],[29.76715,60.0055],[29.76734,60.00558],[29.76722,60.00579],[29.76701,60.00585],[29.76676,60.006],[29.7665,60.00602],[29.76627,60.00629],[29.7662,60.00637],[29.76613,60.00646],[29.76647,60.00659],[29.76626,60.00676],[29.76594,60.0067],[29.76588,60.00657],[29.76571,60.00656],[29.76574,60.00674],[29.76559,60.00679],[29.76557,60.007],[29.76558,60.00717],[29.76521,60.00708],[29.76506,60.00715],[29.76522,60.00735],[29.76503,60.00746],[29.76477,60.00755],[29.76407,60.00748],[29.76383,60.00751],[29.76363,60.00748],[29.76374,60.00753],[29.76402,60.00762],[29.76401,60.00771],[29.76388,60.00781],[29.76407,60.00793],[29.76387,60.00808],[29.76341,60.00807],[29.76304,60.0082],[29.76288,60.00809],[29.76327,60.00793],[29.76294,60.00778],[29.76289,60.0077],[29.76308,60.00757],[29.76344,60.0075],[29.76342,60.00742],[29.76287,60.00733],[29.76268,60.00746],[29.7626,60.00751],[29.76192,60.00782],[29.76084,60.00775],[29.76057,60.0077],[29.76028,60.00764],[29.75987,60.00771],[29.75977,60.00755],[29.75936,60.00753],[29.75934,60.00765],[29.75953,60.00778],[29.75923,60.00777],[29.75922,60.00802],[29.75966,60.00805],[29.75979,60.00815],[29.75981,60.00828],[29.75942,60.00837],[29.75924,60.00825],[29.75892,60.00833],[29.75896,60.00847],[29.75858,60.00859],[29.75814,60.0084],[29.75728,60.00849],[29.75705,60.00842],[29.75684,60.00852],[29.75656,60.00849],[29.7565,60.00841],[29.75674,60.00819],[29.7569,60.00819],[29.75722,60.00805],[29.75724,60.00792],[29.75699,60.00777],[29.75668,60.00762],[29.75621,60.00774],[29.75579,60.00768],[29.75558,60.00787],[29.75548,60.00841],[29.75409,60.00848],[29.75415,60.00832],[29.75352,60.00819],[29.75315,60.00851],[29.75273,60.00861],[29.75371,60.00898],[29.75394,60.00898],[29.7542,60.00894],[29.75434,60.00901],[29.75432,60.00917],[29.75419,60.00921],[29.75364,60.0093],[29.75316,60.00915],[29.75196,60.00947],[29.75147,60.0093],[29.75124,60.00955],[29.75094,60.00957],[29.75094,60.00978],[29.75126,60.00984],[29.75143,60.00996],[29.75121,60.0101],[29.75025,60.01013],[29.74965,60.01005],[29.74877,60.01035],[29.74862,60.01047],[29.7486,60.0106],[29.74863,60.01069],[29.7498,60.01123],[29.75001,60.01126],[29.75125,60.01187],[29.75161,60.01191],[29.75209,60.01217],[29.75243,60.01218],[29.7521,60.0117],[29.75214,60.01158],[29.75252,60.01151],[29.75349,60.01294],[29.75481,60.01407],[29.75566,60.01451],[29.75624,60.01467],[29.75639,60.01484],[29.75647,60.01503],[29.75673,60.01519],[29.75695,60.01522],[29.75737,60.01567],[29.75767,60.01543],[29.75772,60.01524],[29.75753,60.01466],[29.758,60.01459],[29.75814,60.01483],[29.75894,60.01672],[29.75965,60.01738],[29.7605,60.01788],[29.7611,60.01824],[29.76139,60.01844],[29.76194,60.01878],[29.7626,60.0191],[29.76393,60.01961],[29.76469,60.01989],[29.76525,60.02014],[29.76617,60.02035],[29.76698,60.02054],[29.76846,60.02062],[29.7734,60.02079],[29.77443,60.02076],[29.77535,60.02081],[29.778,60.02076],[29.77815,60.02126],[29.78292,60.02138],[29.78317,60.02085],[29.78345,60.02087],[29.784,60.02101],[29.785,60.02113],[29.78727,60.02131],[29.78759,60.02135],[29.79054,60.02139],[29.79543,60.02187],[29.8159,60.02372],[29.81672,60.02373],[29.81736,60.02366],[29.81779,60.02334],[29.81802,60.02292],[29.81835,60.02265],[29.81902,60.02243],[29.82007,60.02235],[29.81971,60.02252],[29.81999,60.02273],[29.82085,60.02291],[29.82185,60.02282],[29.82199,60.0226],[29.82275,60.02209],[29.82301,60.02214],[29.8229,60.0223],[29.82321,60.02241],[29.82344,60.02226],[29.82378,60.02233],[29.82376,60.02254],[29.82418,60.02279],[29.82965,60.02332],[29.833,60.02312],[29.83332,60.02315],[29.83345,60.02335],[29.83695,60.02372],[29.83899,60.02389],[29.84004,60.0242],[29.84071,60.02521],[29.84226,60.02562],[29.84405,60.026],[29.845,60.0262],[29.84554,60.02632],[29.84589,60.02635],[29.84635,60.0264],[29.8466,60.02641],[29.84674,60.02635],[29.85286,60.02708],[29.85699,60.02751],[29.86232,60.02797],[29.86332,60.02805],[29.86332,60.0285],[29.86786,60.02892],[29.86814,60.0285],[29.86828,60.02851],[29.87004,60.02867],[29.87065,60.02885],[29.87392,60.02915],[29.87894,60.02965],[29.88536,60.0302],[29.89058,60.03069],[29.89621,60.03123],[29.89921,60.03151],[29.90013,60.0316],[29.90212,60.03167],[29.90389,60.0318],[29.90389,60.03223],[29.90855,60.03268],[29.90886,60.03226],[29.91032,60.03246],[29.91177,60.03238],[29.91475,60.03264],[29.91526,60.03263],[29.91638,60.03272],[29.91776,60.03206],[29.91696,60.03162],[29.91673,60.03157],[29.9164,60.03162],[29.91605,60.03148],[29.91589,60.03127],[29.91581,60.03103],[29.91601,60.03076],[29.91691,60.0306],[29.91729,60.03057],[29.91746,60.03059],[29.91747,60.03066],[29.91766,60.0308],[29.91777,60.03102],[29.91807,60.0313],[29.91847,60.03154],[29.91887,60.03168],[29.91925,60.03186],[29.91954,60.03188],[29.91998,60.03187],[29.92072,60.03175],[29.92097,60.03179],[29.92195,60.03162],[29.92219,60.03164],[29.92273,60.03199],[29.92252,60.03216],[29.92129,60.03253],[29.92229,60.03315],[29.923,60.03367],[29.924,60.0338],[29.92572,60.034],[29.92981,60.03441],[29.93319,60.03472],[29.93645,60.03501],[29.94059,60.0354],[29.94654,60.03593],[29.94764,60.0361],[29.94811,60.03596],[29.94929,60.03601],[29.94946,60.03592],[29.94982,60.03595],[29.94975,60.03649],[29.94959,60.03692],[29.94942,60.03724],[29.94899,60.03722],[29.94846,60.03721],[29.94739,60.03704],[29.94561,60.03672],[29.94325,60.03662],[29.94119,60.03641],[29.94065,60.03632],[29.9382,60.03606],[29.93706,60.03599],[29.93499,60.03578],[29.92985,60.03529],[29.92243,60.03462],[29.91899,60.03444],[29.91693,60.03413],[29.91572,60.03404],[29.91486,60.03392],[29.91285,60.03373],[29.91151,60.03363],[29.90981,60.03369],[29.90836,60.03346],[29.90841,60.03313],[29.90623,60.03296],[29.90373,60.03268],[29.90348,60.03302],[29.90311,60.03301],[29.90241,60.03299],[29.90147,60.03292],[29.9002,60.03264],[29.89955,60.03252],[29.89681,60.03227],[29.89137,60.03178],[29.88486,60.03118],[29.87061,60.02988],[29.86768,60.02973],[29.86768,60.02936],[29.86318,60.02893],[29.86288,60.02929],[29.85965,60.02898],[29.85667,60.02863],[29.85156,60.02827],[29.84525,60.0281],[29.84452,60.02794],[29.84101,60.02775],[29.83993,60.02793],[29.83862,60.02816],[29.83746,60.02837],[29.83475,60.02893],[29.83436,60.02891],[29.83387,60.02884],[29.83078,60.02844],[29.83028,60.02834],[29.82875,60.02784],[29.82813,60.0276],[29.82645,60.02691],[29.82575,60.02655],[29.82437,60.02603],[29.8241,60.02591],[29.82359,60.02592],[29.82204,60.0257],[29.82018,60.02556],[29.8188,60.02524],[29.81637,60.02489],[29.81325,60.0246],[29.81118,60.02439],[29.8082,60.02402],[29.79467,60.02269],[29.79309,60.02252],[29.79081,60.02224],[29.7878,60.0221],[29.78531,60.02216],[29.78441,60.02219],[29.78333,60.02215],[29.78298,60.02213],[29.78282,60.02179],[29.77814,60.02167],[29.77809,60.02173],[29.778,60.02202],[29.77767,60.02202],[29.77754,60.02194],[29.7768,60.02198],[29.77598,60.02196],[29.77562,60.02195],[29.77487,60.02189],[29.77245,60.02178],[29.77164,60.02175],[29.76226,60.02156],[29.75735,60.02145],[29.74937,60.02124],[29.74561,60.02123],[29.74526,60.0214],[29.7455,60.0225],[29.74579,60.0237],[29.74615,60.02487],[29.74651,60.02584],[29.74676,60.02624],[29.74708,60.02655],[29.74749,60.02681],[29.74813,60.02713],[29.74845,60.02732],[29.74887,60.02746],[29.74916,60.02756],[29.74947,60.02767],[29.74992,60.02779],[29.75038,60.02785],[29.75086,60.02797],[29.75158,60.02812],[29.75216,60.02826],[29.75328,60.0287],[29.75336,60.02882],[29.7539,60.02902],[29.75425,60.0291],[29.75475,60.0291],[29.75528,60.0292],[29.75676,60.0295],[29.75739,60.02955],[29.75766,60.02956],[29.7582,60.02952],[29.75871,60.02945],[29.75929,60.02941],[29.75984,60.0294],[29.75984,60.02936],[29.75917,60.02905],[29.75926,60.02899],[29.76008,60.02938],[29.76015,60.02967],[29.75941,60.03022],[29.75894,60.03033],[29.7573,60.03045],[29.75692,60.03044],[29.75585,60.03024],[29.75332,60.02973],[29.75273,60.0296],[29.75259,60.02944],[29.75286,60.02907],[29.75295,60.02888],[29.75166,60.02846],[29.75114,60.02834],[29.75058,60.02821],[29.74958,60.02799],[29.74838,60.0276],[29.7473,60.02708],[29.74651,60.02646],[29.74608,60.02601],[29.74559,60.02478],[29.74548,60.02428],[29.74524,60.02387],[29.74523,60.0236],[29.74512,60.02316],[29.74467,60.02166],[29.74452,60.02128],[29.7442,60.02117],[29.74289,60.0212],[29.74117,60.02116],[29.73825,60.02106],[29.73741,60.02092],[29.73611,60.02074],[29.73465,60.02055],[29.7338,60.02045],[29.73292,60.02033],[29.73226,60.02022],[29.73129,60.01998],[29.72996,60.01969],[29.72916,60.01949],[29.72857,60.01936],[29.72794,60.01922],[29.72732,60.01898],[29.72673,60.01881],[29.7262,60.01876],[29.7256,60.01867],[29.72481,60.01902],[29.72369,60.01933],[29.72267,60.01953],[29.72186,60.01972],[29.7207,60.01986],[29.72054,60.0205],[29.72026,60.02075],[29.71978,60.02093],[29.71917,60.0209],[29.71726,60.02071],[29.71659,60.02087],[29.71611,60.02101],[29.71524,60.02103],[29.71513,60.02108],[29.71453,60.02118],[29.7142,60.02118],[29.71312,60.02114],[29.7127,60.02109],[29.71238,60.02119],[29.71208,60.02118],[29.7119,60.02125],[29.71129,60.02129],[29.71057,60.02162],[29.70985,60.02183],[29.70927,60.02194],[29.70849,60.02167],[29.70716,60.02218],[29.70637,60.02239],[29.7059,60.02241],[29.7052,60.02211],[29.70413,60.02238],[29.70307,60.0225],[29.70258,60.02263],[29.70223,60.02281],[29.70125,60.02258],[29.7005,60.02275],[29.69923,60.02241],[29.69888,60.02257],[29.69836,60.0234],[29.69799,60.02371],[29.69732,60.02396],[29.69551,60.0244],[29.69459,60.02453],[29.69395,60.02439],[29.69313,60.02429],[29.69334,60.02451],[29.69317,60.02462],[29.69299,60.02461],[29.69276,60.02465],[29.69237,60.02466],[29.692,60.02472],[29.69161,60.02499],[29.69068,60.02538],[29.68974,60.02556],[29.68905,60.02586],[29.68822,60.02616],[29.6887,60.02656],[29.68859,60.0266],[29.68799,60.02616],[29.68714,60.02628],[29.68638,60.02622],[29.68574,60.02629],[29.68514,60.02633],[29.68494,60.02637],[29.68466,60.02641],[29.68434,60.02643],[29.68404,60.02657],[29.68382,60.02666],[29.68364,60.02665],[29.68246,60.02667],[29.68201,60.02683],[29.68164,60.02704],[29.68049,60.02736],[29.67958,60.02753],[29.67882,60.02762],[29.67864,60.02764],[29.67845,60.02777],[29.67799,60.02798],[29.67816,60.0281],[29.67816,60.02821],[29.67802,60.02847],[29.67795,60.02852],[29.67736,60.02855],[29.67726,60.02851],[29.67713,60.02856],[29.67709,60.02863],[29.67714,60.02883],[29.67683,60.02903],[29.67552,60.02881],[29.67538,60.02901],[29.67483,60.02923],[29.67469,60.02925],[29.67458,60.02923],[29.67437,60.02938],[29.67412,60.02928],[29.67419,60.0292],[29.67404,60.02915],[29.67397,60.02922],[29.67379,60.02915],[29.67323,60.02894],[29.67334,60.02877],[29.67353,60.02854],[29.67278,60.02837],[29.67256,60.02854],[29.67237,60.02853],[29.67227,60.02846],[29.67216,60.0284],[29.67228,60.02829],[29.67213,60.02821],[29.6716,60.02808],[29.67098,60.02803],[29.66978,60.0281],[29.66927,60.02813],[29.66874,60.0283],[29.66817,60.02862],[29.66786,60.02868],[29.66749,60.02872],[29.66703,60.02873],[29.66648,60.02872],[29.6654,60.02876],[29.66502,60.02879],[29.66348,60.02916],[29.66296,60.02932],[29.66208,60.02958],[29.66138,60.02967],[29.66118,60.02968],[29.66089,60.02961],[29.65951,60.02964],[29.65846,60.02974],[29.65714,60.02986],[29.6559,60.03004],[29.65578,60.03004],[29.65535,60.03],[29.65456,60.03008],[29.65403,60.03019],[29.65349,60.03033],[29.65284,60.03063],[29.65174,60.03099],[29.65041,60.03153],[29.65013,60.03161],[29.64947,60.0316],[29.64854,60.03151],[29.64673,60.03146],[29.64483,60.03168],[29.64434,60.03174],[29.64325,60.03198],[29.64201,60.03219],[29.64144,60.03221],[29.64106,60.03227],[29.64043,60.0324],[29.64001,60.03254],[29.6397,60.03266],[29.63953,60.03325],[29.6394,60.03344],[29.63924,60.03357],[29.63912,60.03363],[29.63893,60.03368],[29.63869,60.03371],[29.63802,60.03365],[29.63777,60.03353],[29.63813,60.03339],[29.63723,60.03317],[29.63658,60.03303],[29.63587,60.03288],[29.63548,60.03265],[29.63557,60.03261],[29.63508,60.03231],[29.63424,60.03183],[29.63416,60.03179],[29.6341,60.03174],[29.63406,60.03166],[29.63402,60.03155],[29.63403,60.03147],[29.6341,60.03135],[29.63448,60.03072],[29.63442,60.03067],[29.63442,60.0306],[29.63453,60.03049],[29.63474,60.03043],[29.63495,60.03039],[29.63511,60.0304],[29.63542,60.03049],[29.63562,60.03062],[29.63587,60.03122],[29.63598,60.03136],[29.63616,60.03141],[29.6364,60.0314],[29.63697,60.03133],[29.63726,60.03135],[29.6374,60.0314],[29.63776,60.03138],[29.63788,60.03148],[29.63866,60.03128],[29.63931,60.03109],[29.63987,60.03097],[29.6405,60.03068],[29.64073,60.03046],[29.64104,60.0303],[29.6415,60.03017],[29.64167,60.02994],[29.64179,60.02989],[29.64199,60.0299],[29.64228,60.02998],[29.64236,60.03005],[29.6425,60.0301],[29.64267,60.03008],[29.64304,60.03022],[29.6434,60.03031],[29.64377,60.03039],[29.64423,60.03035],[29.64478,60.03025],[29.64538,60.03001],[29.64606,60.02979],[29.64663,60.02967],[29.64668,60.02965],[29.64783,60.02908],[29.64814,60.02898],[29.64847,60.02883],[29.64854,60.02881],[29.64868,60.0288],[29.64879,60.02878],[29.64913,60.02861],[29.64933,60.0285],[29.64986,60.02826],[29.65039,60.02796],[29.65068,60.0279],[29.65134,60.02775],[29.65161,60.02774],[29.65232,60.02782],[29.65307,60.0279],[29.65355,60.02796],[29.65382,60.02803],[29.65416,60.02806],[29.65486,60.02822],[29.65548,60.02826],[29.65584,60.02824],[29.65632,60.02819],[29.65699,60.02799],[29.65731,60.02789],[29.65749,60.02782],[29.65774,60.02773],[29.6581,60.02755],[29.65852,60.02734],[29.65892,60.02713],[29.65939,60.02681],[29.6596,60.02666],[29.65981,60.02652],[29.66012,60.02638],[29.66039,60.02628],[29.6608,60.02617],[29.66111,60.02608],[29.66139,60.02596],[29.66188,60.02583],[29.66216,60.02573],[29.66227,60.02569],[29.66245,60.02568],[29.66293,60.02567],[29.66337,60.02569],[29.6638,60.02569],[29.66429,60.02572],[29.66462,60.02573],[29.665,60.02574],[29.66549,60.02575],[29.66581,60.02575],[29.66604,60.02575],[29.66618,60.02574],[29.66631,60.02572],[29.66682,60.02573],[29.6673,60.02571],[29.6677,60.02566],[29.66803,60.0256],[29.66848,60.0255],[29.6693,60.02528],[29.66964,60.02518],[29.66989,60.02508],[29.67025,60.02489],[29.67061,60.0247],[29.67097,60.02451],[29.6712,60.02439],[29.67135,60.02427],[29.67145,60.02422],[29.67156,60.02419],[29.67177,60.02418],[29.67183,60.02415],[29.67208,60.02403],[29.6726,60.02383],[29.67273,60.02372],[29.67281,60.02354],[29.67292,60.02344],[29.67315,60.02326],[29.67345,60.02315],[29.674,60.02304],[29.67414,60.02303],[29.67426,60.02309],[29.67441,60.02312],[29.67458,60.02317],[29.67534,60.02297],[29.67601,60.02265],[29.67652,60.02239],[29.67718,60.02196],[29.67793,60.02149],[29.6786,60.02094],[29.67873,60.02089],[29.67886,60.02086],[29.67892,60.02083],[29.67897,60.02075],[29.67947,60.02036],[29.6796,60.0203],[29.67982,60.02025],[29.68012,60.02016],[29.68034,60.02008],[29.68056,60.01994],[29.6809,60.01969],[29.68099,60.01963],[29.68115,60.01955],[29.68185,60.01915],[29.68235,60.01893],[29.68258,60.0188],[29.68305,60.01848],[29.68362,60.01803],[29.68448,60.01717],[29.68496,60.01685],[29.6855,60.01638],[29.68616,60.01574],[29.68712,60.01474],[29.68777,60.01413],[29.68829,60.01376],[29.6897,60.01223],[29.69007,60.01189],[29.69109,60.01038],[29.69154,60.0096],[29.69184,60.00909],[29.69204,60.00861],[29.69256,60.00776],[29.69288,60.00727],[29.69357,60.00672],[29.69404,60.00633],[29.69456,60.00591],[29.69539,60.00527],[29.69576,60.0049],[29.69652,60.00435],[29.69707,60.00371],[29.69779,60.00257],[29.69816,60.00165],[29.69848,60.00075],[29.69889,60.00025],[29.69905,59.9991],[29.69898,59.99901],[29.69888,59.99884],[29.69868,59.99867],[29.69258,59.99558],[29.69033,59.99452],[29.69025,59.99443],[29.69018,59.99421],[29.6901,59.99414],[29.68984,59.99399],[29.68979,59.99388],[29.68987,59.99382],[29.69,59.99376],[29.69019,59.99373],[29.69044,59.99376],[29.6907,59.9938],[29.69094,59.99391],[29.69092,59.99396],[29.69097,59.99399],[29.6911,59.99399],[29.69215,59.99455],[29.69223,59.99456],[29.69235,59.99454],[29.69426,59.99388],[29.69476,59.99369],[29.69492,59.99361],[29.69501,59.99352],[29.69506,59.99348],[29.69507,59.99342],[29.69499,59.99328],[29.69496,59.99312],[29.69422,59.99256],[29.69409,59.99255],[29.69413,59.99263],[29.69394,59.99261],[29.69245,59.99039],[29.69268,59.99029],[29.69254,59.98967],[29.68958,59.98925],[29.68946,59.98924],[29.68928,59.98924],[29.68916,59.98927],[29.68909,59.98934],[29.68822,59.9903],[29.68812,59.99037],[29.68797,59.99043],[29.68777,59.99046],[29.68775,59.99054],[29.68769,59.99063],[29.68756,59.99072],[29.68743,59.99076],[29.68721,59.99076],[29.68713,59.99073],[29.68709,59.99065],[29.68705,59.99055],[29.68704,59.99043],[29.68702,59.99015],[29.68773,59.98917],[29.68791,59.98899],[29.68812,59.98886],[29.68834,59.98875],[29.68863,59.98868],[29.68899,59.98863],[29.68912,59.9886],[29.68965,59.988],[29.68977,59.98783],[29.68979,59.98766],[29.68854,59.98585],[29.68731,59.98396],[29.68743,59.9813],[29.6869,59.98024],[29.68673,59.97987],[29.68643,59.97982],[29.68633,59.9795],[29.68642,59.9794],[29.68644,59.97923],[29.68615,59.97849],[29.68577,59.9772],[29.68537,59.97621],[29.68531,59.97603],[29.68511,59.97564],[29.6849,59.97507],[29.68477,59.97454],[29.68469,59.97418],[29.6847,59.97401],[29.68452,59.97324],[29.68436,59.97283],[29.68416,59.97243],[29.68385,59.97204],[29.68366,59.97163],[29.68334,59.97053],[29.68315,59.9699],[29.6815,59.96567],[29.68146,59.96552],[29.68137,59.96538],[29.68154,59.96524],[29.68135,59.96515],[29.68108,59.96464],[29.68091,59.96423],[29.68083,59.96397],[29.6809,59.96385],[29.68083,59.96373],[29.68082,59.96366],[29.67979,59.96122],[29.67975,59.96109],[29.67968,59.96108],[29.67949,59.96068],[29.67946,59.9604],[29.67944,59.96014],[29.67934,59.95996],[29.67934,59.95968],[29.67891,59.95914],[29.67877,59.95881],[29.67874,59.95864],[29.67827,59.95751],[29.67822,59.95689],[29.67737,59.95492],[29.67732,59.95472],[29.67701,59.95423],[29.67673,59.95323],[29.67577,59.95116],[29.67551,59.9503],[29.67483,59.94865],[29.67504,59.94849],[29.67404,59.94619],[29.67319,59.94394],[29.67309,59.94364],[29.67259,59.94254],[29.6724,59.94221],[29.67243,59.94208],[29.67197,59.94177],[29.67195,59.9414],[29.67182,59.94111],[29.67179,59.9408],[29.67169,59.94071],[29.67166,59.9406],[29.67057,59.93769]]],[[[29.69575,59.97156],[29.69598,59.97159],[29.69629,59.9721],[29.69638,59.97209],[29.69658,59.97242],[29.6965,59.97245],[29.69683,59.97294],[29.69623,59.97307],[29.69581,59.97315],[29.69534,59.97322],[29.69495,59.97267],[29.69462,59.97218],[29.69474,59.97195],[29.69492,59.97178],[29.69512,59.97167],[29.69575,59.97156]]],[[[29.70419,59.95686],[29.70464,59.95704],[29.70517,59.95734],[29.70533,59.9577],[29.70553,59.95795],[29.70593,59.95815],[29.70573,59.95839],[29.70536,59.95857],[29.70378,59.95823],[29.70322,59.9572],[29.70359,59.95686],[29.70389,59.95681],[29.70419,59.95686]]],[[[29.70426,59.94895],[29.70423,59.94897],[29.70376,59.94883],[29.70363,59.94889],[29.70403,59.94951],[29.70415,59.94951],[29.70418,59.94955],[29.70411,59.94957],[29.70425,59.94969],[29.70454,59.94979],[29.70472,59.94971],[29.70492,59.94978],[29.70478,59.94987],[29.70528,59.95004],[29.70569,59.95004],[29.70492,59.95068],[29.70436,59.95057],[29.70367,59.95038],[29.70353,59.95043],[29.70342,59.9504],[29.70333,59.95036],[29.70339,59.95028],[29.70317,59.95019],[29.70287,59.94994],[29.70273,59.95],[29.7026,59.94987],[29.70243,59.94985],[29.70203,59.94929],[29.70239,59.9493],[29.70229,59.94912],[29.70292,59.94868],[29.70321,59.94868],[29.70279,59.94853],[29.70282,59.94849],[29.70426,59.94895]]],[[[29.71524,60.05687],[29.71714,60.05767],[29.71689,60.05783],[29.71979,60.05895],[29.72353,60.0596],[29.72365,60.0595],[29.7237,60.05946],[29.72727,60.06],[29.72776,60.05993],[29.7287,60.06007],[29.72912,60.06049],[29.7272,60.06073],[29.71928,60.05956],[29.71464,60.05757],[29.71445,60.05682],[29.71524,60.05687]]],[[[29.71695,59.97377],[29.71841,59.9741],[29.7186,59.97429],[29.71849,59.97451],[29.71819,59.97473],[29.71739,59.97488],[29.71706,59.97506],[29.71683,59.97503],[29.71652,59.97492],[29.71635,59.97471],[29.71609,59.9746],[29.71549,59.97449],[29.7154,59.97437],[29.71548,59.97425],[29.71576,59.97418],[29.71629,59.97408],[29.71695,59.97377]]],[[[29.71777,59.98922],[29.71803,59.98922],[29.71828,59.98924],[29.71858,59.98934],[29.71866,59.98947],[29.71854,59.98962],[29.7184,59.98971],[29.71822,59.98978],[29.71808,59.98987],[29.71817,59.98992],[29.71822,59.99002],[29.71779,59.99007],[29.71774,59.98997],[29.71757,59.98988],[29.71725,59.98983],[29.717,59.98974],[29.71691,59.98955],[29.71698,59.98945],[29.71712,59.98935],[29.71748,59.98926],[29.71777,59.98922]]],[[[29.73698,59.98936],[29.73621,59.98896],[29.736,59.98891],[29.73529,59.98915],[29.73519,59.98925],[29.73551,59.98947],[29.73588,59.98957],[29.73654,59.98936],[29.7367,59.98947],[29.73596,59.98974],[29.73596,59.98997],[29.73679,59.99057],[29.73662,59.99063],[29.7362,59.99033],[29.73593,59.99023],[29.73565,59.9902],[29.73528,59.99014],[29.7347,59.99011],[29.73402,59.9901],[29.73355,59.99016],[29.73321,59.99028],[29.73287,59.99043],[29.73254,59.99048],[29.73243,59.99049],[29.7323,59.99048],[29.73218,59.99043],[29.73186,59.99043],[29.73161,59.99031],[29.73164,59.99012],[29.73202,59.98984],[29.73241,59.98956],[29.7323,59.98945],[29.73228,59.98932],[29.73246,59.98916],[29.73281,59.98913],[29.73303,59.98916],[29.73315,59.9892],[29.73323,59.98926],[29.73325,59.98938],[29.73336,59.98939],[29.73397,59.98945],[29.73486,59.98911],[29.73614,59.9887],[29.73722,59.98927],[29.73698,59.98936]]],[[[29.75017,59.98019],[29.74912,59.98073],[29.74888,59.9806],[29.74893,59.98056],[29.74843,59.98033],[29.74678,59.9804],[29.7464,59.98041],[29.74631,59.98046],[29.74628,59.98049],[29.74614,59.98049],[29.74607,59.98044],[29.74603,59.98036],[29.74608,59.98032],[29.7461,59.98028],[29.74555,59.97911],[29.74554,59.97907],[29.74557,59.97903],[29.74562,59.97898],[29.74574,59.97892],[29.74541,59.97897],[29.74544,59.97905],[29.74527,59.97908],[29.74519,59.9792],[29.74512,59.97925],[29.74506,59.97928],[29.74488,59.97929],[29.7448,59.97928],[29.74473,59.97925],[29.74458,59.97916],[29.74438,59.97895],[29.74431,59.97896],[29.74426,59.97889],[29.74468,59.97883],[29.74472,59.97888],[29.74481,59.97892],[29.74489,59.97894],[29.74499,59.97896],[29.74603,59.97884],[29.74603,59.97882],[29.74616,59.97876],[29.74727,59.97863],[29.74721,59.97844],[29.74775,59.97829],[29.74821,59.97843],[29.74817,59.97866],[29.75165,59.97917],[29.75172,59.97905],[29.75181,59.979],[29.75192,59.97897],[29.75204,59.97895],[29.75217,59.97894],[29.7523,59.97895],[29.75245,59.97898],[29.75254,59.97902],[29.75263,59.97908],[29.75268,59.97914],[29.7527,59.9792],[29.75269,59.97927],[29.75267,59.97932],[29.75263,59.97937],[29.75255,59.97942],[29.75243,59.97946],[29.75233,59.97948],[29.7522,59.97949],[29.75209,59.9795],[29.75197,59.97948],[29.7519,59.97947],[29.75185,59.97944],[29.75175,59.97937],[29.75066,59.97992],[29.75068,59.97994],[29.75048,59.98005],[29.75017,59.98019]]],[[[29.79349,60.02751],[29.79365,60.02761],[29.79357,60.02796],[29.79331,60.02834],[29.79262,60.02861],[29.79182,60.02889],[29.7916,60.02893],[29.78851,60.02903],[29.78831,60.02893],[29.78827,60.02828],[29.78917,60.02794],[29.78922,60.02796],[29.79176,60.02704],[29.79216,60.02718],[29.79209,60.02721],[29.7918,60.0271],[29.78936,60.028],[29.78945,60.02811],[29.78956,60.0281],[29.78964,60.02816],[29.79057,60.02818],[29.79105,60.02809],[29.79104,60.02806],[29.79114,60.02804],[29.79117,60.02807],[29.79176,60.02798],[29.79182,60.02799],[29.79204,60.02792],[29.79231,60.02782],[29.79239,60.02775],[29.79246,60.02762],[29.79313,60.02769],[29.79321,60.02776],[29.79325,60.02784],[29.79323,60.02799],[29.79315,60.02808],[29.79289,60.02824],[29.79218,60.02855],[29.79205,60.0286],[29.79187,60.02867],[29.79165,60.02872],[29.79142,60.02875],[29.79112,60.02877],[29.79077,60.02877],[29.79077,60.02879],[29.79005,60.0288],[29.79,60.02876],[29.78885,60.02878],[29.78878,60.02854],[29.78866,60.02836],[29.78855,60.02825],[29.78839,60.0283],[29.78839,60.02846],[29.78846,60.02891],[29.78864,60.02895],[29.78892,60.02895],[29.79007,60.02892],[29.79094,60.02889],[29.79158,60.02886],[29.79183,60.02882],[29.79215,60.02871],[29.79256,60.02855],[29.79322,60.02829],[29.79339,60.02805],[29.79344,60.02791],[29.7935,60.02781],[29.79349,60.02759],[29.79345,60.02755],[29.79285,60.02736],[29.79288,60.02732],[29.79349,60.02751]]],[[[29.84614,60.0833],[29.84633,60.084],[29.84621,60.08445],[29.84921,60.0865],[29.85212,60.08741],[29.85285,60.08749],[29.85238,60.08802],[29.85148,60.08801],[29.84848,60.08711],[29.84519,60.08464],[29.8447,60.08319],[29.84491,60.08294],[29.84511,60.08289],[29.84614,60.0833]]],[[[29.84842,60.02086],[29.84854,60.02097],[29.8486,60.02104],[29.84847,60.02134],[29.84855,60.02138],[29.84873,60.02141],[29.84886,60.02142],[29.849,60.02138],[29.84964,60.02143],[29.85011,60.02149],[29.85051,60.02151],[29.8506,60.02155],[29.85061,60.02164],[29.8502,60.02185],[29.84981,60.02204],[29.84902,60.02213],[29.84786,60.02228],[29.84659,60.02214],[29.84575,60.02205],[29.84495,60.02165],[29.845,60.0216],[29.84517,60.02153],[29.84585,60.02139],[29.84643,60.02139],[29.84677,60.02138],[29.84688,60.02134],[29.84701,60.02128],[29.84703,60.02116],[29.84695,60.02096],[29.8472,60.02082],[29.84774,60.02076],[29.84802,60.02076],[29.84842,60.02086]]],[[[29.87154,60.02142],[29.87204,60.02138],[29.87246,60.02158],[29.87252,60.02174],[29.87394,60.02223],[29.87434,60.02227],[29.87567,60.02222],[29.87641,60.02192],[29.87703,60.0222],[29.8771,60.02243],[29.87631,60.02273],[29.8738,60.02285],[29.87159,60.02207],[29.87123,60.02173],[29.87125,60.02157],[29.87154,60.02142]]],[[[29.89605,60.02657],[29.89752,60.02694],[29.89718,60.02748],[29.89859,60.02789],[29.89766,60.02831],[29.89543,60.02809],[29.89466,60.02785],[29.89366,60.02748],[29.89349,60.02682],[29.89545,60.02708],[29.89605,60.02657]]]]}},{"type":"Feature","properties":{"osm_id":1114193,"name":"Адмиралтейский район"},"geometry":{"type":"MultiPolygon","coordinates":[[[[30.25023,59.90129],[30.25112,59.90103],[30.253,59.90041],[30.25365,59.90022],[30.25402,59.90017],[30.2545,59.9003],[30.25502,59.90044],[30.25563,59.90056],[30.25615,59.90057],[30.25701,59.90049],[30.25757,59.9004],[30.26115,59.89986],[30.2621,59.89989],[30.26297,59.90008],[30.26461,59.90057],[30.26505,59.90096],[30.26571,59.90182],[30.26615,59.90196],[30.26668,59.90196],[30.26767,59.90201],[30.26813,59.90209],[30.26861,59.9022],[30.26898,59.90231],[30.2691,59.90241],[30.26929,59.90238],[30.26942,59.90235],[30.26955,59.90233],[30.26964,59.90232],[30.26968,59.90231],[30.27034,59.90218],[30.27107,59.90203],[30.27132,59.90199],[30.27159,59.90193],[30.27193,59.90187],[30.27197,59.90186],[30.27255,59.90174],[30.27274,59.90171],[30.27287,59.90168],[30.27291,59.90171],[30.27297,59.90174],[30.27302,59.90176],[30.27309,59.90178],[30.27316,59.90179],[30.27324,59.9018],[30.27331,59.9018],[30.27339,59.9018],[30.27346,59.9018],[30.27353,59.90179],[30.2736,59.90177],[30.27366,59.90175],[30.27372,59.90173],[30.27377,59.9017],[30.27381,59.90167],[30.27384,59.90163],[30.27387,59.90158],[30.27388,59.90154],[30.27388,59.90151],[30.274,59.9015],[30.27411,59.9015],[30.27421,59.90149],[30.2743,59.9015],[30.27439,59.90151],[30.27448,59.90153],[30.27458,59.90156],[30.27583,59.90111],[30.27634,59.90136],[30.2768,59.90163],[30.27677,59.90164],[30.27698,59.90177],[30.2771,59.90185],[30.27724,59.90194],[30.27746,59.9021],[30.27764,59.90227],[30.27963,59.90336],[30.28002,59.90356],[30.28018,59.90359],[30.28035,59.90364],[30.28071,59.90375],[30.28091,59.9038],[30.28116,59.90384],[30.2814,59.90388],[30.28192,59.90392],[30.28212,59.90393],[30.28362,59.9038],[30.28458,59.90371],[30.28664,59.90355],[30.28909,59.9033],[30.28991,59.90324],[30.28991,59.90318],[30.29059,59.90314],[30.29074,59.90313],[30.2909,59.90311],[30.29113,59.90313],[30.29205,59.90308],[30.29276,59.90296],[30.29309,59.90289],[30.29312,59.90293],[30.29345,59.90286],[30.29393,59.90277],[30.29423,59.90274],[30.29426,59.9028],[30.29461,59.90275],[30.29464,59.90275],[30.29461,59.90268],[30.29476,59.90252],[30.29497,59.90257],[30.29504,59.9025],[30.29541,59.9026],[30.2957,59.90232],[30.29566,59.90231],[30.29564,59.90224],[30.2955,59.9022],[30.29557,59.90214],[30.29547,59.90212],[30.29572,59.90189],[30.29574,59.9019],[30.29579,59.90186],[30.29584,59.9018],[30.2962,59.90187],[30.29629,59.90189],[30.29652,59.90196],[30.2966,59.90199],[30.29667,59.90199],[30.29674,59.90196],[30.29685,59.90194],[30.29688,59.90194],[30.2969,59.90191],[30.29694,59.9017],[30.29701,59.90088],[30.29703,59.90088],[30.29705,59.90056],[30.29703,59.90037],[30.29701,59.90029],[30.29696,59.90026],[30.2968,59.89997],[30.29678,59.89994],[30.29666,59.8997],[30.29661,59.89959],[30.29651,59.89929],[30.29651,59.89916],[30.29646,59.89916],[30.29638,59.89916],[30.29636,59.89891],[30.29618,59.89868],[30.29574,59.89801],[30.29528,59.89722],[30.29535,59.89721],[30.29511,59.89677],[30.295,59.89656],[30.29511,59.89654],[30.29498,59.89629],[30.29478,59.89612],[30.29789,59.89603],[30.30019,59.89613],[30.3004,59.89614],[30.30079,59.89614],[30.30171,59.89615],[30.30261,59.89619],[30.30364,59.8962],[30.30384,59.8962],[30.30397,59.89621],[30.30533,59.89622],[30.3054,59.89622],[30.30608,59.89624],[30.30673,59.89625],[30.30718,59.89625],[30.30749,59.89626],[30.30798,59.89626],[30.30851,59.89627],[30.30869,59.89627],[30.30932,59.89628],[30.30984,59.89629],[30.30996,59.89629],[30.3102,59.89629],[30.31032,59.89629],[30.31041,59.89629],[30.31051,59.89628],[30.31061,59.89627],[30.31299,59.89629],[30.31391,59.8963],[30.31403,59.89632],[30.31413,59.89633],[30.31447,59.89634],[30.31468,59.89635],[30.31495,59.89637],[30.31551,59.89639],[30.31663,59.8964],[30.31745,59.8964],[30.31848,59.89641],[30.31864,59.89641],[30.31869,59.89642],[30.31903,59.89642],[30.31914,59.89643],[30.31918,59.89643],[30.31882,59.90239],[30.31866,59.90276],[30.3184,59.90819],[30.3184,59.90851],[30.31841,59.90864],[30.3195,59.90864],[30.32013,59.9087],[30.32078,59.90878],[30.32195,59.90911],[30.32515,59.91033],[30.33258,59.91305],[30.33352,59.91337],[30.33944,59.9155],[30.34007,59.91569],[30.33988,59.91602],[30.34011,59.91612],[30.34054,59.91626],[30.34083,59.91638],[30.34123,59.91653],[30.34212,59.91687],[30.3422,59.9169],[30.34255,59.91703],[30.34275,59.9171],[30.34261,59.91722],[30.3422,59.91756],[30.34202,59.9177],[30.34185,59.91784],[30.34155,59.91809],[30.34136,59.91825],[30.34086,59.91866],[30.34058,59.91889],[30.33972,59.91959],[30.33961,59.91969],[30.33949,59.9198],[30.33938,59.91988],[30.33823,59.92083],[30.33812,59.92093],[30.33794,59.92108],[30.33734,59.92156],[30.33669,59.92211],[30.33658,59.92219],[30.33623,59.92248],[30.33523,59.92332],[30.33579,59.92354],[30.33575,59.92356],[30.33562,59.92362],[30.33535,59.92375],[30.33505,59.9239],[30.33465,59.92409],[30.33415,59.92432],[30.33397,59.9244],[30.33375,59.9245],[30.33283,59.92494],[30.33239,59.92515],[30.33154,59.92556],[30.33092,59.92585],[30.33085,59.92588],[30.33056,59.92602],[30.33047,59.92606],[30.33002,59.9263],[30.32703,59.92515],[30.32657,59.92545],[30.31898,59.93053],[30.31782,59.93131],[30.31531,59.933],[30.31186,59.9353],[30.31178,59.93536],[30.31154,59.93552],[30.31151,59.93554],[30.31146,59.93557],[30.31133,59.93566],[30.31123,59.93573],[30.31093,59.93593],[30.31084,59.93599],[30.31056,59.93618],[30.31023,59.9364],[30.31019,59.93642],[30.31013,59.93646],[30.3103,59.93665],[30.31239,59.93739],[30.31242,59.93746],[30.3126,59.93797],[30.31261,59.93801],[30.31261,59.93806],[30.3126,59.9381],[30.31259,59.93814],[30.31256,59.93818],[30.31253,59.93822],[30.31249,59.93825],[30.31244,59.93829],[30.30999,59.93989],[30.30908,59.94051],[30.30827,59.94106],[30.29839,59.93749],[30.28501,59.93382],[30.2818,59.93306],[30.27739,59.93203],[30.27246,59.92873],[30.27072,59.92561],[30.26904,59.92259],[30.26778,59.92132],[30.26531,59.91883],[30.26244,59.9174],[30.26212,59.91735],[30.26049,59.91726],[30.26152,59.91696],[30.26207,59.91644],[30.26215,59.91584],[30.2622,59.91367],[30.26191,59.91236],[30.2609,59.91075],[30.25994,59.90935],[30.25764,59.90689],[30.25754,59.90679],[30.25606,59.90497],[30.25593,59.9048],[30.25538,59.90414],[30.25351,59.90268],[30.25028,59.90132],[30.25023,59.90129]]]]}},{"type":"Feature","properties":{"osm_id":1114252,"name":"Василеостровский район"},"geometry":{"type":"MultiPolygon","coordinates":[[[[30.18468,59.95472],[30.18449,59.95435],[30.18342,59.95374],[30.18318,59.95334],[30.18321,59.95294],[30.18342,59.95252],[30.19359,59.951],[30.19341,59.9507],[30.19461,59.95052],[30.19045,59.94355],[30.17908,59.94526],[30.17847,59.94499],[30.17808,59.94471],[30.17787,59.94437],[30.1779,59.94403],[30.17823,59.94371],[30.18087,59.94308],[30.18275,59.94107],[30.19016,59.93312],[30.1906,59.93276],[30.19108,59.93235],[30.19239,59.93164],[30.19393,59.9311],[30.20149,59.929],[30.20266,59.92873],[30.20396,59.92854],[30.20553,59.92844],[30.20912,59.92838],[30.21195,59.92834],[30.21428,59.9283],[30.21713,59.92829],[30.21944,59.92929],[30.21998,59.92917],[30.2205,59.92905],[30.22106,59.92895],[30.2214,59.92892],[30.22203,59.92891],[30.22246,59.92893],[30.22297,59.92894],[30.22493,59.92868],[30.22518,59.9287],[30.22591,59.92856],[30.22606,59.92857],[30.22643,59.9286],[30.22661,59.92868],[30.2269,59.92869],[30.22715,59.92871],[30.22725,59.92866],[30.2274,59.92866],[30.2275,59.9287],[30.22749,59.92878],[30.2275,59.92885],[30.22786,59.92898],[30.2279,59.92902],[30.22809,59.92903],[30.22804,59.92926],[30.22796,59.92925],[30.22804,59.9294],[30.22819,59.92953],[30.22826,59.92983],[30.22872,59.93071],[30.22887,59.931],[30.22904,59.93116],[30.22921,59.93124],[30.22931,59.93146],[30.22918,59.93147],[30.22911,59.93163],[30.22912,59.93174],[30.22922,59.93174],[30.22937,59.93211],[30.22927,59.93212],[30.2296,59.9328],[30.22975,59.93297],[30.23024,59.93324],[30.23073,59.93335],[30.2311,59.93323],[30.23152,59.93325],[30.23166,59.93325],[30.23186,59.93324],[30.23196,59.93321],[30.2319,59.93317],[30.23212,59.9331],[30.23231,59.93302],[30.23244,59.93295],[30.23256,59.93284],[30.23263,59.93274],[30.23266,59.93268],[30.23266,59.93257],[30.23266,59.93243],[30.23261,59.9323],[30.23245,59.93213],[30.23229,59.93201],[30.23204,59.93189],[30.23175,59.93179],[30.23139,59.93175],[30.23086,59.93176],[30.23015,59.92997],[30.23441,59.92877],[30.23488,59.92769],[30.23494,59.92764],[30.23454,59.92776],[30.23327,59.92667],[30.23374,59.92655],[30.2336,59.92642],[30.23325,59.92652],[30.23312,59.92642],[30.23339,59.92634],[30.23335,59.92631],[30.23107,59.92698],[30.2308,59.92674],[30.23682,59.92502],[30.23673,59.92495],[30.23651,59.92476],[30.23651,59.92473],[30.23652,59.92471],[30.2376,59.92427],[30.2376,59.92427],[30.23871,59.92466],[30.24023,59.92384],[30.24145,59.92336],[30.2424,59.92298],[30.24259,59.923],[30.24658,59.92215],[30.25084,59.92124],[30.25143,59.92074],[30.25186,59.92034],[30.25168,59.92019],[30.25422,59.91943],[30.25669,59.91884],[30.25747,59.91869],[30.25753,59.91877],[30.25824,59.91863],[30.2582,59.91856],[30.25894,59.91843],[30.26049,59.91726],[30.26212,59.91735],[30.26244,59.9174],[30.26531,59.91883],[30.26778,59.92132],[30.26904,59.92259],[30.27072,59.92561],[30.27246,59.92873],[30.27739,59.93203],[30.2818,59.93306],[30.28501,59.93382],[30.29839,59.93749],[30.30827,59.94106],[30.30989,59.94164],[30.31686,59.94566],[30.30951,59.94598],[30.3073,59.94608],[30.29386,59.94667],[30.29227,59.94715],[30.28571,59.9491],[30.2851,59.94929],[30.27761,59.95153],[30.26841,59.95488],[30.26622,59.95628],[30.2638,59.95697],[30.25527,59.95825],[30.23388,59.96241],[30.23275,59.96156],[30.23234,59.96167],[30.23209,59.96173],[30.23163,59.96181],[30.23101,59.96191],[30.2308,59.96187],[30.23067,59.96186],[30.21826,59.96394],[30.21674,59.96411],[30.21525,59.96429],[30.21442,59.96431],[30.21246,59.96438],[30.21014,59.96428],[30.20731,59.96396],[30.20337,59.96333],[30.19289,59.96167],[30.19071,59.96115],[30.18886,59.96035],[30.18771,59.95953],[30.18699,59.95866],[30.18473,59.95481],[30.18468,59.95472]]]]}},{"type":"Feature","properties":{"osm_id":1114354,"name":"Выборгский район"},"geometry":{"type":"MultiPolygon","coordinates":[[[[30.07276,60.09727],[30.07078,60.09625],[30.07421,60.09397],[30.07689,60.09045],[30.08328,60.08815],[30.08719,60.08688],[30.08843,60.08658],[30.09454,60.08532],[30.1028,60.08085],[30.10423,60.07959],[30.1121,60.07267],[30.11602,60.07188],[30.11913,60.07001],[30.13322,60.07264],[30.13543,60.07061],[30.13692,60.06825],[30.13712,60.06792],[30.13814,60.06631],[30.13816,60.06595],[30.13798,60.06542],[30.13783,60.06537],[30.13736,60.06525],[30.13677,60.06501],[30.13633,60.06471],[30.13602,60.06437],[30.13592,60.06407],[30.13589,60.06331],[30.13617,60.06142],[30.13619,60.06061],[30.13602,60.06017],[30.13577,60.05994],[30.13526,60.05968],[30.12825,60.05786],[30.12628,60.05747],[30.12636,60.05734],[30.12642,60.05724],[30.12658,60.05699],[30.12623,60.05673],[30.12618,60.05632],[30.13563,60.05761],[30.13556,60.05733],[30.13523,60.05664],[30.13486,60.05616],[30.13451,60.05421],[30.13125,60.05112],[30.13413,60.04874],[30.19332,60.0639],[30.19494,60.06251],[30.19506,60.06242],[30.19434,60.06226],[30.19586,60.06047],[30.20223,60.06212],[30.21019,60.06037],[30.21411,60.06127],[30.22278,60.05134],[30.22569,60.05232],[30.22586,60.05239],[30.22597,60.05245],[30.22743,60.05296],[30.23536,60.05564],[30.24961,60.06041],[30.25163,60.06111],[30.25202,60.06123],[30.25852,60.06347],[30.26189,60.0646],[30.27027,60.06742],[30.2704,60.06747],[30.274,60.06861],[30.27943,60.06424],[30.28107,60.06291],[30.28477,60.05996],[30.28788,60.05744],[30.28802,60.05733],[30.28913,60.05641],[30.28961,60.05594],[30.28967,60.05589],[30.29014,60.05548],[30.29035,60.05531],[30.29051,60.05517],[30.29102,60.05474],[30.29121,60.05462],[30.29147,60.05442],[30.29158,60.05432],[30.29182,60.05412],[30.29236,60.05367],[30.29286,60.05329],[30.29274,60.0532],[30.29322,60.05289],[30.29342,60.05274],[30.29358,60.05258],[30.29379,60.05236],[30.29403,60.0521],[30.29424,60.05182],[30.29444,60.05156],[30.29468,60.05124],[30.29486,60.05097],[30.29494,60.05084],[30.2952,60.05041],[30.29538,60.05012],[30.29557,60.04981],[30.29565,60.04968],[30.29581,60.04938],[30.29598,60.04897],[30.29611,60.04867],[30.29614,60.0486],[30.29614,60.04857],[30.29618,60.04837],[30.29628,60.04812],[30.29638,60.04787],[30.29653,60.04752],[30.29655,60.04751],[30.29658,60.04749],[30.29671,60.0472],[30.29685,60.04695],[30.297,60.04667],[30.29715,60.04644],[30.29718,60.04638],[30.29731,60.04615],[30.29746,60.04589],[30.2974,60.04588],[30.29755,60.04559],[30.29773,60.04525],[30.29782,60.04526],[30.29784,60.04522],[30.29821,60.04464],[30.29833,60.04466],[30.29854,60.04469],[30.29935,60.04325],[30.29948,60.04287],[30.29951,60.04258],[30.29977,60.04217],[30.29983,60.04215],[30.2999,60.04205],[30.30007,60.04187],[30.30016,60.04174],[30.30054,60.04101],[30.30163,60.03901],[30.30197,60.0384],[30.30231,60.03779],[30.30242,60.03741],[30.30274,60.03684],[30.30273,60.03674],[30.30276,60.03665],[30.30295,60.03627],[30.30467,60.03311],[30.30571,60.03122],[30.30657,60.02959],[30.30663,60.02959],[30.30669,60.02958],[30.30832,60.02661],[30.30861,60.02609],[30.30882,60.02559],[30.30888,60.02553],[30.309,60.02544],[30.30935,60.02479],[30.31221,60.01953],[30.31212,60.01952],[30.31223,60.01932],[30.31207,60.0193],[30.31191,60.01928],[30.31184,60.01927],[30.31186,60.01923],[30.31198,60.01899],[30.31201,60.01894],[30.31211,60.01876],[30.31213,60.01871],[30.31228,60.01846],[30.3123,60.01841],[30.31245,60.01816],[30.31247,60.0181],[30.31251,60.01804],[30.31254,60.01799],[30.31257,60.01792],[30.3126,60.01787],[30.31261,60.01785],[30.31272,60.01764],[30.3128,60.01765],[30.31298,60.01768],[30.31308,60.01769],[30.31311,60.0177],[30.3132,60.01752],[30.31332,60.01731],[30.31369,60.01663],[30.31375,60.0165],[30.31428,60.01552],[30.31533,60.01354],[30.31596,60.01239],[30.31638,60.01164],[30.31641,60.01158],[30.3183,60.00818],[30.31826,60.0081],[30.31848,60.00773],[30.31898,60.00688],[30.31966,60.00559],[30.3197,60.00546],[30.32027,60.00434],[30.32098,60.003],[30.32126,60.00257],[30.32167,60.00167],[30.32176,60.0015],[30.32194,60.00122],[30.32216,60.00117],[30.32257,60.00036],[30.32297,59.99965],[30.32358,59.99859],[30.32325,59.99848],[30.32444,59.99726],[30.32468,59.99702],[30.32461,59.99696],[30.32462,59.99691],[30.32585,59.99582],[30.32565,59.99575],[30.32448,59.99542],[30.32455,59.99535],[30.32526,59.99478],[30.32638,59.99514],[30.32669,59.99486],[30.32707,59.99449],[30.32719,59.99452],[30.32732,59.99443],[30.32761,59.99454],[30.32772,59.99453],[30.32782,59.99453],[30.32813,59.99439],[30.32825,59.99436],[30.32848,59.99422],[30.32812,59.99413],[30.32636,59.99369],[30.3264,59.99366],[30.32661,59.99349],[30.32691,59.99316],[30.32694,59.99314],[30.32697,59.9931],[30.32702,59.99305],[30.32703,59.99303],[30.32709,59.99297],[30.32714,59.9929],[30.32719,59.99284],[30.32723,59.99277],[30.32727,59.9927],[30.32728,59.99268],[30.32731,59.99264],[30.32734,59.99257],[30.32759,59.99204],[30.32766,59.99189],[30.32802,59.99113],[30.32851,59.9901],[30.32856,59.98999],[30.32862,59.98987],[30.32881,59.98945],[30.32903,59.98898],[30.32909,59.98885],[30.32918,59.98867],[30.32924,59.98854],[30.32928,59.98844],[30.32952,59.98794],[30.32995,59.987],[30.33015,59.98658],[30.33081,59.98515],[30.33089,59.98498],[30.33087,59.98495],[30.33032,59.98507],[30.3303,59.98504],[30.33026,59.98499],[30.33019,59.9849],[30.33015,59.98484],[30.32961,59.98418],[30.32986,59.98352],[30.33073,59.98303],[30.33091,59.98293],[30.33111,59.98282],[30.33118,59.98278],[30.32849,59.98159],[30.32692,59.9809],[30.32632,59.98063],[30.32411,59.97966],[30.32378,59.9795],[30.32361,59.97941],[30.32175,59.97847],[30.32432,59.97739],[30.33059,59.97335],[30.3347,59.96749],[30.33496,59.96712],[30.33582,59.96589],[30.33676,59.96048],[30.3377,59.95733],[30.33927,59.95541],[30.34022,59.95465],[30.34235,59.95352],[30.34541,59.95224],[30.34953,59.952],[30.35003,59.95407],[30.35007,59.95418],[30.35089,59.95536],[30.35124,59.95586],[30.35128,59.95592],[30.35134,59.956],[30.35141,59.95609],[30.35149,59.9562],[30.35166,59.95644],[30.35201,59.95694],[30.35209,59.95704],[30.35276,59.95799],[30.35286,59.95812],[30.35296,59.95827],[30.35339,59.95884],[30.35356,59.95908],[30.35364,59.9592],[30.35373,59.95935],[30.35396,59.95979],[30.35397,59.95984],[30.35397,59.95991],[30.35395,59.95999],[30.35392,59.96007],[30.35378,59.96026],[30.35375,59.9603],[30.35355,59.96057],[30.35315,59.96109],[30.35296,59.96135],[30.35281,59.96156],[30.35249,59.96197],[30.35214,59.96244],[30.35211,59.96248],[30.352,59.96262],[30.35198,59.96268],[30.35184,59.963],[30.35154,59.96376],[30.35141,59.96407],[30.35138,59.96414],[30.35097,59.96509],[30.35089,59.96529],[30.35085,59.96537],[30.35083,59.96542],[30.35045,59.96632],[30.35042,59.9664],[30.3504,59.96645],[30.35,59.96741],[30.34995,59.96752],[30.34984,59.9678],[30.3498,59.96789],[30.34976,59.96798],[30.34896,59.96976],[30.34884,59.97002],[30.34875,59.97023],[30.34811,59.97162],[30.348,59.97184],[30.3475,59.97298],[30.34743,59.97315],[30.3474,59.97322],[30.34725,59.97343],[30.3471,59.97364],[30.34445,59.97668],[30.34399,59.97721],[30.34398,59.97727],[30.34402,59.97741],[30.34405,59.97749],[30.34419,59.9775],[30.34462,59.97755],[30.34543,59.97764],[30.34568,59.97767],[30.35474,59.9786],[30.35969,59.97908],[30.36041,59.97913],[30.36085,59.97913],[30.36123,59.97912],[30.36159,59.97907],[30.36193,59.979],[30.36238,59.97888],[30.36269,59.97877],[30.36578,59.97764],[30.36602,59.97759],[30.36637,59.97758],[30.36649,59.97758],[30.36716,59.97759],[30.36745,59.97761],[30.36752,59.97761],[30.36705,59.97846],[30.36668,59.9792],[30.36645,59.97965],[30.36627,59.97992],[30.36607,59.98017],[30.36559,59.98078],[30.36521,59.9812],[30.36265,59.98376],[30.36248,59.98387],[30.35768,59.98648],[30.35751,59.98657],[30.3574,59.98663],[30.35715,59.98675],[30.35681,59.98693],[30.35597,59.9874],[30.35562,59.98759],[30.35502,59.98792],[30.35438,59.98826],[30.35392,59.9885],[30.353,59.98899],[30.35272,59.98913],[30.35268,59.98915],[30.3523,59.98936],[30.35216,59.98942],[30.35209,59.98945],[30.35195,59.98951],[30.35169,59.9896],[30.3514,59.9897],[30.35114,59.98975],[30.35088,59.98981],[30.35056,59.98985],[30.3501,59.98989],[30.34966,59.9899],[30.34847,59.98987],[30.34759,59.98983],[30.34728,59.98982],[30.34678,59.98979],[30.34685,59.98982],[30.34691,59.98986],[30.34696,59.98992],[30.34705,59.99007],[30.34706,59.99011],[30.3471,59.99015],[30.34719,59.99022],[30.3477,59.99057],[30.34814,59.99077],[30.34862,59.99089],[30.34913,59.99093],[30.35033,59.991],[30.35062,59.99102],[30.35203,59.99109],[30.35221,59.9911],[30.35226,59.9911],[30.35264,59.9912],[30.35295,59.99131],[30.35326,59.99145],[30.35369,59.99161],[30.35419,59.99182],[30.35468,59.99202],[30.35497,59.99214],[30.35552,59.99236],[30.35612,59.99261],[30.35643,59.99274],[30.35804,59.99341],[30.35891,59.99376],[30.35931,59.99393],[30.35974,59.9941],[30.36042,59.99437],[30.36075,59.99453],[30.36097,59.99463],[30.36157,59.99494],[30.36231,59.99538],[30.36258,59.99555],[30.36359,59.99619],[30.36375,59.99629],[30.3638,59.99633],[30.36383,59.99639],[30.36387,59.99644],[30.364,59.99673],[30.36411,59.99699],[30.3643,59.99736],[30.36446,59.99777],[30.36456,59.99799],[30.36464,59.99822],[30.36471,59.9984],[30.36483,59.99867],[30.36512,59.99936],[30.36558,60.00047],[30.36597,60.00138],[30.36602,60.00147],[30.36609,60.00158],[30.36712,60.0031],[30.36814,60.00459],[30.36822,60.0047],[30.36891,60.00573],[30.36974,60.00704],[30.36982,60.00715],[30.36986,60.00728],[30.36985,60.00742],[30.36984,60.00751],[30.36955,60.0087],[30.36953,60.00877],[30.3695,60.00885],[30.36942,60.009],[30.36934,60.00912],[30.36927,60.00922],[30.36913,60.0094],[30.36904,60.00961],[30.36903,60.00968],[30.36903,60.00974],[30.36904,60.00984],[30.36913,60.01006],[30.36916,60.01022],[30.36917,60.01028],[30.36917,60.01036],[30.36916,60.01042],[30.36893,60.01149],[30.36884,60.01185],[30.36874,60.01227],[30.36863,60.01274],[30.36857,60.01297],[30.36855,60.01308],[30.36853,60.0132],[30.36835,60.01392],[30.36811,60.01493],[30.3681,60.01499],[30.36799,60.01544],[30.36795,60.01559],[30.3678,60.01625],[30.36777,60.01637],[30.36775,60.01647],[30.36773,60.01654],[30.36765,60.01685],[30.36756,60.01718],[30.36748,60.01752],[30.36732,60.01835],[30.3673,60.01846],[30.36728,60.01877],[30.36729,60.01916],[30.36725,60.0194],[30.36684,60.02149],[30.36607,60.0254],[30.36523,60.02971],[30.36492,60.03142],[30.36487,60.03179],[30.36485,60.03214],[30.36497,60.03301],[30.3651,60.03346],[30.36542,60.03437],[30.36606,60.03527],[30.36675,60.036],[30.3837,60.05504],[30.38565,60.05721],[30.38739,60.05918],[30.3854,60.05974],[30.38557,60.06072],[30.38254,60.06671],[30.37882,60.07409],[30.37719,60.07739],[30.37688,60.07858],[30.37652,60.07864],[30.37517,60.07983],[30.37385,60.08025],[30.37353,60.08051],[30.37067,60.08772],[30.36831,60.09028],[30.36698,60.09074],[30.36323,60.09202],[30.36147,60.09212],[30.35942,60.09197],[30.34077,60.09085],[30.33297,60.08981],[30.33102,60.09037],[30.30883,60.09571],[30.30818,60.09569],[30.3031,60.0911],[30.29184,60.0939],[30.29183,60.09596],[30.28938,60.09638],[30.28842,60.09613],[30.28744,60.09618],[30.28232,60.09894],[30.27694,60.10198],[30.27575,60.10222],[30.2756,60.10289],[30.27488,60.10814],[30.27329,60.10809],[30.273,60.10967],[30.27143,60.11029],[30.27126,60.11111],[30.27149,60.11112],[30.27163,60.11119],[30.27166,60.11139],[30.27156,60.11154],[30.27124,60.11185],[30.27118,60.11195],[30.27108,60.11354],[30.27077,60.11635],[30.2711,60.11639],[30.27075,60.11659],[30.26995,60.1172],[30.26893,60.11796],[30.26789,60.1187],[30.26725,60.11913],[30.26669,60.11935],[30.26603,60.11959],[30.26639,60.12004],[30.2664,60.12042],[30.26631,60.12057],[30.26603,60.12099],[30.26594,60.12133],[30.26592,60.12171],[30.26592,60.1223],[30.26577,60.12258],[30.26557,60.12284],[30.26512,60.12333],[30.2645,60.12372],[30.26291,60.12434],[30.26142,60.12471],[30.26005,60.12516],[30.25952,60.12546],[30.25924,60.12565],[30.25903,60.12561],[30.25178,60.12282],[30.23775,60.11919],[30.23584,60.1185],[30.23544,60.11846],[30.2352,60.11844],[30.23425,60.11836],[30.23418,60.11857],[30.23381,60.11852],[30.23364,60.1185],[30.23077,60.11857],[30.22931,60.11848],[30.22573,60.11823],[30.22488,60.11808],[30.224,60.11774],[30.22315,60.11704],[30.22158,60.11678],[30.21965,60.11667],[30.21924,60.1165],[30.21992,60.11562],[30.22012,60.11553],[30.21896,60.11513],[30.21371,60.11609],[30.20862,60.11698],[30.20698,60.11709],[30.19531,60.11728],[30.19387,60.1173],[30.18959,60.11739],[30.1896,60.11735],[30.18948,60.11735],[30.18919,60.11736],[30.18883,60.11737],[30.1887,60.11737],[30.18833,60.11738],[30.18776,60.1174],[30.18747,60.11741],[30.18735,60.11741],[30.1873,60.11741],[30.18671,60.11744],[30.18625,60.11746],[30.18575,60.11749],[30.18524,60.11754],[30.18482,60.11758],[30.18443,60.11761],[30.18355,60.11772],[30.18296,60.1178],[30.18224,60.11791],[30.18157,60.11802],[30.18099,60.11814],[30.17916,60.11852],[30.17779,60.11881],[30.17696,60.11775],[30.17336,60.11324],[30.15253,60.11734],[30.13887,60.12004],[30.138,60.11898],[30.13825,60.11894],[30.13867,60.11853],[30.13834,60.11832],[30.13804,60.11781],[30.13796,60.11705],[30.13769,60.1168],[30.13769,60.11629],[30.13802,60.11515],[30.1378,60.11485],[30.13868,60.11434],[30.13373,60.11218],[30.12741,60.11449],[30.1251,60.11358],[30.12391,60.11424],[30.11959,60.11261],[30.11471,60.11401],[30.11433,60.11434],[30.11386,60.11452],[30.11359,60.11436],[30.11364,60.11419],[30.11318,60.11404],[30.11305,60.11377],[30.1128,60.11365],[30.11239,60.11354],[30.11197,60.11364],[30.11155,60.11364],[30.1113,60.11323],[30.11057,60.11315],[30.11057,60.11333],[30.11039,60.11343],[30.11006,60.11325],[30.10946,60.11328],[30.10949,60.11316],[30.1097,60.11302],[30.10959,60.11288],[30.10929,60.11286],[30.1087,60.11248],[30.10835,60.11262],[30.10816,60.11256],[30.10826,60.11243],[30.10805,60.11213],[30.10819,60.11195],[30.10812,60.11182],[30.10779,60.11172],[30.10774,60.11155],[30.10742,60.11139],[30.10748,60.11132],[30.10769,60.11132],[30.10785,60.11124],[30.10795,60.11103],[30.10808,60.11082],[30.10846,60.11066],[30.10859,60.11046],[30.10875,60.11032],[30.10872,60.11016],[30.10906,60.10987],[30.10898,60.1097],[30.10867,60.10953],[30.10873,60.10944],[30.10906,60.10938],[30.10901,60.10928],[30.10863,60.10921],[30.10849,60.10935],[30.10837,60.10926],[30.10831,60.10909],[30.10821,60.10893],[30.1084,60.10888],[30.1087,60.10903],[30.10891,60.10888],[30.10869,60.10876],[30.10836,60.10877],[30.10832,60.10869],[30.10867,60.10844],[30.10912,60.10847],[30.10957,60.10842],[30.10976,60.1083],[30.10974,60.10804],[30.10962,60.10799],[30.10939,60.10809],[30.10914,60.1081],[30.10924,60.10796],[30.10907,60.10788],[30.10918,60.10771],[30.10916,60.10757],[30.10902,60.10753],[30.10917,60.10744],[30.10903,60.10737],[30.10896,60.10727],[30.10903,60.10714],[30.10926,60.10713],[30.10952,60.10708],[30.10952,60.10701],[30.10963,60.10694],[30.1098,60.10691],[30.11001,60.10694],[30.11016,60.10695],[30.11031,60.10693],[30.11036,60.10689],[30.11023,60.10687],[30.11003,60.10684],[30.10984,60.10676],[30.1097,60.10676],[30.10922,60.10676],[30.10886,60.10671],[30.10707,60.10643],[30.10644,60.10629],[30.10609,60.10624],[30.10563,60.10627],[30.10526,60.10633],[30.10161,60.10639],[30.10068,60.10643],[30.10029,60.10649],[30.1001,60.10651],[30.09806,60.10701],[30.09746,60.10717],[30.0972,60.10707],[30.09707,60.10716],[30.09714,60.10737],[30.09683,60.10743],[30.09643,60.10737],[30.09614,60.10725],[30.09571,60.10717],[30.09531,60.10698],[30.09507,60.10679],[30.09468,60.10674],[30.09457,60.10685],[30.09421,60.10712],[30.09388,60.10717],[30.09328,60.10716],[30.0929,60.10727],[30.09302,60.10739],[30.09285,60.1076],[30.09244,60.10756],[30.09212,60.10756],[30.09188,60.10741],[30.09158,60.10739],[30.09136,60.10739],[30.0912,60.10745],[30.09106,60.10749],[30.09082,60.10744],[30.09042,60.10749],[30.09018,60.10755],[30.0901,60.10761],[30.09011,60.10767],[30.09016,60.10774],[30.09013,60.1078],[30.08991,60.10784],[30.0896,60.10788],[30.08945,60.10789],[30.08923,60.10789],[30.08899,60.10797],[30.08882,60.10801],[30.08867,60.10801],[30.08851,60.10792],[30.08836,60.1078],[30.08796,60.1076],[30.08512,60.10426],[30.07276,60.09727]]]]}},{"type":"Feature","properties":{"osm_id":1114806,"name":"Калининский район"},"geometry":{"type":"MultiPolygon","coordinates":[[[[30.34405,59.97749],[30.34419,59.9775],[30.34462,59.97755],[30.34543,59.97764],[30.34568,59.97767],[30.35474,59.9786],[30.35969,59.97908],[30.36041,59.97913],[30.36085,59.97913],[30.36123,59.97912],[30.36159,59.97907],[30.36193,59.979],[30.36238,59.97888],[30.36269,59.97877],[30.36578,59.97764],[30.36602,59.97759],[30.36637,59.97758],[30.36649,59.97758],[30.36716,59.97759],[30.36745,59.97761],[30.36752,59.97761],[30.36705,59.97846],[30.36668,59.9792],[30.36645,59.97965],[30.36627,59.97992],[30.36607,59.98017],[30.36559,59.98078],[30.36521,59.9812],[30.36265,59.98376],[30.36248,59.98387],[30.35768,59.98648],[30.35751,59.98657],[30.3574,59.98663],[30.35715,59.98675],[30.35681,59.98693],[30.35597,59.9874],[30.35562,59.98759],[30.35502,59.98792],[30.35438,59.98826],[30.35392,59.9885],[30.353,59.98899],[30.35272,59.98913],[30.35268,59.98915],[30.3523,59.98936],[30.35216,59.98942],[30.35209,59.98945],[30.35195,59.98951],[30.35169,59.9896],[30.3514,59.9897],[30.35114,59.98975],[30.35088,59.98981],[30.35056,59.98985],[30.3501,59.98989],[30.34966,59.9899],[30.34847,59.98987],[30.34759,59.98983],[30.34728,59.98982],[30.34678,59.98979],[30.34685,59.98982],[30.34691,59.98986],[30.34696,59.98992],[30.34705,59.99007],[30.34706,59.99011],[30.3471,59.99015],[30.34719,59.99022],[30.3477,59.99057],[30.34814,59.99077],[30.34862,59.99089],[30.34913,59.99093],[30.35033,59.991],[30.35062,59.99102],[30.35203,59.99109],[30.35221,59.9911],[30.35226,59.9911],[30.35264,59.9912],[30.35295,59.99131],[30.35326,59.99145],[30.35369,59.99161],[30.35419,59.99182],[30.35468,59.99202],[30.35497,59.99214],[30.35552,59.99236],[30.35612,59.99261],[30.35643,59.99274],[30.35804,59.99341],[30.35891,59.99376],[30.35931,59.99393],[30.35974,59.9941],[30.36042,59.99437],[30.36075,59.99453],[30.36097,59.99463],[30.36157,59.99494],[30.36231,59.99538],[30.36258,59.99555],[30.36359,59.99619],[30.36375,59.99629],[30.3638,59.99633],[30.36383,59.99639],[30.36387,59.99644],[30.364,59.99673],[30.36411,59.99699],[30.3643,59.99736],[30.36446,59.99777],[30.36456,59.99799],[30.36464,59.99822],[30.36471,59.9984],[30.36483,59.99867],[30.36512,59.99936],[30.36558,60.00047],[30.36597,60.00138],[30.36602,60.00147],[30.36609,60.00158],[30.36712,60.0031],[30.36814,60.00459],[30.36822,60.0047],[30.36891,60.00573],[30.36974,60.00704],[30.36982,60.00715],[30.36986,60.00728],[30.36985,60.00742],[30.36984,60.00751],[30.36955,60.0087],[30.36953,60.00877],[30.3695,60.00885],[30.36942,60.009],[30.36934,60.00912],[30.36927,60.00922],[30.36913,60.0094],[30.36904,60.00961],[30.36903,60.00968],[30.36903,60.00974],[30.36904,60.00984],[30.36913,60.01006],[30.36916,60.01022],[30.36917,60.01028],[30.36917,60.01036],[30.36916,60.01042],[30.36893,60.01149],[30.36884,60.01185],[30.36874,60.01227],[30.36863,60.01274],[30.36857,60.01297],[30.36855,60.01308],[30.36853,60.0132],[30.36835,60.01392],[30.36811,60.01493],[30.3681,60.01499],[30.36799,60.01544],[30.36795,60.01559],[30.3678,60.01625],[30.36777,60.01637],[30.36775,60.01647],[30.36773,60.01654],[30.36765,60.01685],[30.36756,60.01718],[30.36748,60.01752],[30.36732,60.01835],[30.3673,60.01846],[30.36728,60.01877],[30.36729,60.01916],[30.36725,60.0194],[30.36684,60.02149],[30.36607,60.0254],[30.36523,60.02971],[30.36492,60.03142],[30.36487,60.03179],[30.36485,60.03214],[30.36497,60.03301],[30.3651,60.03346],[30.36542,60.03437],[30.36606,60.03527],[30.36675,60.036],[30.3837,60.05504],[30.38565,60.05721],[30.38739,60.05918],[30.38877,60.0588],[30.38804,60.05809],[30.3889,60.05782],[30.38811,60.05708],[30.39657,60.05501],[30.40676,60.0526],[30.41856,60.04968],[30.41565,60.04671],[30.41888,60.04609],[30.42493,60.04483],[30.42511,60.04435],[30.43062,60.04317],[30.43403,60.04244],[30.43481,60.04226],[30.43557,60.04204],[30.43626,60.04175],[30.43683,60.04138],[30.43726,60.041],[30.43761,60.0406],[30.43771,60.04014],[30.43761,60.03913],[30.43719,60.02963],[30.43714,60.02647],[30.43704,60.02288],[30.43714,60.02202],[30.43727,60.02106],[30.43737,60.02023],[30.4374,60.01974],[30.43742,60.01914],[30.43725,60.01838],[30.43676,60.01722],[30.43647,60.01653],[30.43638,60.01611],[30.43633,60.01567],[30.43642,60.01504],[30.43658,60.0145],[30.43747,60.0122],[30.43819,60.01031],[30.44002,60.00552],[30.4409,60.0032],[30.44217,59.99982],[30.43936,59.99719],[30.43788,59.99594],[30.43329,59.99162],[30.42726,59.98589],[30.42118,59.98018],[30.41359,59.9731],[30.41261,59.97218],[30.41248,59.97201],[30.41215,59.97154],[30.41107,59.96891],[30.4087,59.96307],[30.40814,59.96162],[30.40719,59.95934],[30.40709,59.95916],[30.40693,59.95894],[30.40321,59.95703],[30.3993,59.95507],[30.39672,59.95657],[30.38895,59.95782],[30.38367,59.95717],[30.37643,59.9538],[30.37112,59.95227],[30.36356,59.95117],[30.35968,59.9514],[30.34953,59.952],[30.35003,59.95407],[30.35007,59.95418],[30.35089,59.95536],[30.35124,59.95586],[30.35128,59.95592],[30.35134,59.956],[30.35141,59.95609],[30.35149,59.9562],[30.35166,59.95644],[30.35201,59.95694],[30.35209,59.95704],[30.35276,59.95799],[30.35286,59.95812],[30.35296,59.95827],[30.35339,59.95884],[30.35356,59.95908],[30.35364,59.9592],[30.35373,59.95935],[30.35396,59.95979],[30.35397,59.95984],[30.35397,59.95991],[30.35395,59.95999],[30.35392,59.96007],[30.35378,59.96026],[30.35375,59.9603],[30.35355,59.96057],[30.35315,59.96109],[30.35296,59.96135],[30.35281,59.96156],[30.35249,59.96197],[30.35214,59.96244],[30.35211,59.96248],[30.352,59.96262],[30.35198,59.96268],[30.35184,59.963],[30.35154,59.96376],[30.35141,59.96407],[30.35138,59.96414],[30.35097,59.96509],[30.35089,59.96529],[30.35085,59.96537],[30.35083,59.96542],[30.35045,59.96632],[30.35042,59.9664],[30.3504,59.96645],[30.35,59.96741],[30.34995,59.96752],[30.34984,59.9678],[30.3498,59.96789],[30.34976,59.96798],[30.34896,59.96976],[30.34884,59.97002],[30.34875,59.97023],[30.34811,59.97162],[30.348,59.97184],[30.3475,59.97298],[30.34743,59.97315],[30.3474,59.97322],[30.34725,59.97343],[30.3471,59.97364],[30.34445,59.97668],[30.34399,59.97721],[30.34398,59.97727],[30.34402,59.97741],[30.34405,59.97749]]]]}},{"type":"Feature","properties":{"osm_id":1114809,"name":"Кировский район"},"geometry":{"type":"MultiPolygon","coordinates":[[[[30.16799,59.88702],[30.16781,59.88684],[30.16789,59.8864],[30.17232,59.88418],[30.16784,59.88189],[30.16793,59.88184],[30.16592,59.8808],[30.1684,59.87958],[30.16674,59.87922],[30.16435,59.877],[30.16148,59.87425],[30.16158,59.87412],[30.16229,59.87395],[30.16427,59.87352],[30.16665,59.873],[30.16829,59.87261],[30.16989,59.87227],[30.17179,59.87176],[30.17175,59.87156],[30.1718,59.8714],[30.17198,59.87126],[30.17225,59.87116],[30.17249,59.87097],[30.17275,59.87084],[30.17298,59.87082],[30.17331,59.87081],[30.17358,59.87086],[30.17423,59.87091],[30.17449,59.87087],[30.17462,59.8708],[30.17506,59.87073],[30.1752,59.87062],[30.17532,59.87055],[30.17543,59.87046],[30.17553,59.87044],[30.17566,59.8704],[30.17563,59.87035],[30.1762,59.87025],[30.17648,59.87018],[30.17672,59.87005],[30.17694,59.86993],[30.17712,59.86981],[30.17723,59.86969],[30.17738,59.86956],[30.17757,59.86947],[30.17777,59.8694],[30.17796,59.86929],[30.17827,59.86906],[30.17854,59.86885],[30.17869,59.86873],[30.17883,59.86866],[30.17902,59.86861],[30.17916,59.86857],[30.17934,59.86848],[30.17944,59.86846],[30.17956,59.86844],[30.17967,59.86843],[30.17977,59.8684],[30.17986,59.86832],[30.17989,59.86824],[30.17986,59.86815],[30.17985,59.86811],[30.17994,59.86804],[30.1803,59.86789],[30.18037,59.86785],[30.1804,59.8678],[30.18038,59.86767],[30.18047,59.86749],[30.18061,59.86732],[30.18063,59.86723],[30.18069,59.86713],[30.18079,59.86706],[30.181,59.86693],[30.18117,59.86684],[30.18132,59.86679],[30.18144,59.86676],[30.18165,59.86674],[30.1819,59.86671],[30.18228,59.86668],[30.18259,59.86668],[30.18286,59.8667],[30.18325,59.86672],[30.1835,59.86676],[30.18382,59.86682],[30.18395,59.86682],[30.18407,59.8668],[30.18443,59.8667],[30.18502,59.86656],[30.18517,59.86656],[30.18528,59.8666],[30.18556,59.86699],[30.18573,59.8671],[30.18593,59.86719],[30.18612,59.86727],[30.18639,59.86734],[30.18686,59.86743],[30.18743,59.86751],[30.18768,59.86753],[30.18789,59.86754],[30.18834,59.86756],[30.1886,59.8676],[30.18889,59.86761],[30.18944,59.86761],[30.18997,59.86761],[30.19055,59.8676],[30.19118,59.86758],[30.19159,59.86759],[30.19195,59.86762],[30.19232,59.86769],[30.1928,59.86776],[30.19472,59.86786],[30.19518,59.86791],[30.19636,59.86817],[30.19686,59.86831],[30.19737,59.86839],[30.19767,59.86839],[30.19815,59.86852],[30.19862,59.8686],[30.19909,59.86871],[30.19938,59.86884],[30.19962,59.86892],[30.19987,59.86898],[30.20007,59.86902],[30.20026,59.86902],[30.20046,59.86903],[30.20059,59.86901],[30.20068,59.86895],[30.20086,59.8688],[30.20106,59.8687],[30.2014,59.86861],[30.20182,59.86853],[30.20228,59.86847],[30.20275,59.86841],[30.20316,59.86831],[30.20345,59.8682],[30.20362,59.86809],[30.20376,59.86796],[30.20392,59.86782],[30.20411,59.86765],[30.20435,59.86749],[30.20458,59.86737],[30.205,59.8672],[30.20543,59.86708],[30.20592,59.86695],[30.20632,59.86684],[30.20672,59.86675],[30.20695,59.86669],[30.20709,59.86662],[30.20721,59.86657],[30.20785,59.86637],[30.20863,59.86613],[30.20908,59.866],[30.20936,59.86592],[30.20959,59.86586],[30.20977,59.86581],[30.20988,59.86577],[30.21016,59.86568],[30.21039,59.86562],[30.21089,59.86551],[30.21107,59.86549],[30.21139,59.86545],[30.21184,59.86538],[30.21228,59.86531],[30.21258,59.86526],[30.21286,59.86524],[30.21318,59.8652],[30.2134,59.86516],[30.21354,59.86512],[30.21385,59.86503],[30.21415,59.86495],[30.21476,59.86483],[30.21516,59.86476],[30.2155,59.86475],[30.21588,59.86478],[30.21624,59.86478],[30.21653,59.86476],[30.2171,59.86466],[30.21789,59.86452],[30.21818,59.86448],[30.21863,59.86456],[30.22008,59.86437],[30.22097,59.86429],[30.22128,59.86431],[30.2231,59.86424],[30.22394,59.86425],[30.22452,59.86428],[30.22474,59.86424],[30.22588,59.8642],[30.22617,59.86423],[30.22731,59.8642],[30.228,59.86413],[30.229,59.86413],[30.2293,59.86405],[30.23117,59.86407],[30.23295,59.86402],[30.23379,59.86406],[30.23546,59.86402],[30.23732,59.86398],[30.2392,59.86393],[30.22867,59.85674],[30.22148,59.85185],[30.21661,59.84852],[30.21234,59.84561],[30.21017,59.84422],[30.20801,59.84276],[30.20613,59.84148],[30.20489,59.84061],[30.20392,59.83988],[30.20172,59.83826],[30.19953,59.83667],[30.19891,59.83621],[30.19725,59.83494],[30.19661,59.83445],[30.19489,59.83321],[30.19426,59.83276],[30.19343,59.83215],[30.19244,59.83134],[30.19163,59.83057],[30.18996,59.82881],[30.18945,59.82829],[30.18921,59.82807],[30.18901,59.82786],[30.18885,59.8277],[30.18857,59.82741],[30.18727,59.82607],[30.18689,59.82569],[30.18495,59.82396],[30.18368,59.82285],[30.18572,59.82293],[30.18821,59.8228],[30.19206,59.82271],[30.19772,59.82257],[30.20277,59.82275],[30.20953,59.82331],[30.21609,59.82392],[30.21856,59.82412],[30.222,59.82441],[30.22723,59.82514],[30.23154,59.82598],[30.23751,59.82745],[30.24805,59.83005],[30.25434,59.83155],[30.25604,59.83196],[30.26296,59.83357],[30.26819,59.83485],[30.26855,59.83494],[30.26934,59.8354],[30.26942,59.83544],[30.26949,59.83551],[30.26957,59.83557],[30.2697,59.83563],[30.26975,59.83565],[30.26982,59.83569],[30.26996,59.83577],[30.27058,59.83618],[30.27257,59.83735],[30.2735,59.83788],[30.27639,59.8396],[30.27782,59.84048],[30.28074,59.84217],[30.28099,59.84229],[30.2812,59.84246],[30.28139,59.84255],[30.28147,59.84255],[30.28158,59.84253],[30.28199,59.84252],[30.28213,59.84251],[30.28222,59.84253],[30.28225,59.84258],[30.28227,59.84265],[30.28236,59.84274],[30.28257,59.8429],[30.28273,59.84304],[30.28289,59.84319],[30.28302,59.84329],[30.28323,59.84338],[30.28334,59.84349],[30.28356,59.84367],[30.28371,59.84383],[30.2839,59.84401],[30.28411,59.84419],[30.28431,59.84435],[30.28458,59.84453],[30.28485,59.8447],[30.28503,59.8449],[30.2853,59.8452],[30.28542,59.84533],[30.28569,59.84569],[30.28603,59.84608],[30.28611,59.84617],[30.28628,59.84637],[30.28648,59.84687],[30.2865,59.84689],[30.28708,59.8476],[30.2878,59.84856],[30.28849,59.84961],[30.28892,59.85045],[30.28901,59.85065],[30.28909,59.85083],[30.28916,59.85098],[30.28918,59.851],[30.28927,59.85117],[30.28942,59.85128],[30.28966,59.85137],[30.28996,59.85144],[30.29016,59.85151],[30.29042,59.85161],[30.29047,59.8517],[30.29074,59.85221],[30.29085,59.8523],[30.29108,59.85247],[30.29122,59.85256],[30.29147,59.85266],[30.29166,59.85273],[30.29178,59.85281],[30.29185,59.85289],[30.2919,59.85309],[30.292,59.85353],[30.29207,59.85384],[30.2922,59.85446],[30.29233,59.85511],[30.29236,59.85535],[30.29241,59.85579],[30.29245,59.8564],[30.29244,59.85697],[30.29246,59.85729],[30.29267,59.85777],[30.29269,59.85783],[30.29269,59.85785],[30.29265,59.8579],[30.29258,59.85795],[30.29248,59.85796],[30.29228,59.85799],[30.29145,59.85814],[30.29088,59.8585],[30.29078,59.85855],[30.29035,59.85857],[30.29047,59.8593],[30.29048,59.85959],[30.29053,59.85998],[30.29084,59.86253],[30.29142,59.86581],[30.2917,59.86811],[30.29203,59.87001],[30.29245,59.87175],[30.29316,59.8749],[30.29344,59.87657],[30.29373,59.87777],[30.29454,59.87896],[30.29578,59.87991],[30.29759,59.88077],[30.29967,59.88146],[30.30001,59.88269],[30.29379,59.88251],[30.29427,59.88447],[30.29507,59.88647],[30.29527,59.88662],[30.29723,59.88809],[30.29765,59.88867],[30.29858,59.89127],[30.29946,59.89424],[30.2979,59.89446],[30.29789,59.89603],[30.29518,59.89611],[30.29736,59.90142],[30.29737,59.90149],[30.29737,59.90161],[30.29733,59.90185],[30.29725,59.9021],[30.29719,59.90219],[30.29713,59.90227],[30.29703,59.90237],[30.29689,59.90249],[30.29683,59.90253],[30.29677,59.90258],[30.29663,59.90266],[30.29651,59.90272],[30.29638,59.90277],[30.2963,59.9028],[30.29622,59.90283],[30.29613,59.90285],[30.29603,59.90287],[30.29589,59.9029],[30.29575,59.90292],[30.29557,59.90294],[30.29539,59.90296],[30.29512,59.90298],[30.29477,59.903],[30.2932,59.90305],[30.2925,59.90308],[30.29202,59.9031],[30.29154,59.90313],[30.29117,59.90317],[30.2909,59.90319],[30.29069,59.90321],[30.29054,59.90323],[30.29039,59.90324],[30.28662,59.90363],[30.28647,59.90364],[30.28633,59.90366],[30.28628,59.90366],[30.28598,59.90369],[30.28539,59.90374],[30.28474,59.90376],[30.28369,59.90384],[30.28264,59.90395],[30.28243,59.90396],[30.28225,59.90397],[30.28197,59.90397],[30.28167,59.90396],[30.28142,59.90394],[30.28122,59.90391],[30.28096,59.90387],[30.28071,59.90383],[30.2806,59.90381],[30.2805,59.90378],[30.28031,59.90373],[30.28017,59.90367],[30.28006,59.90362],[30.27981,59.9035],[30.27741,59.90219],[30.27753,59.90208],[30.27634,59.90136],[30.27583,59.90111],[30.27474,59.90151],[30.274,59.90151],[30.27388,59.90151],[30.27388,59.90154],[30.27387,59.90158],[30.27384,59.90163],[30.27381,59.90167],[30.27377,59.9017],[30.27372,59.90173],[30.27366,59.90175],[30.2736,59.90177],[30.27353,59.90179],[30.27346,59.9018],[30.27339,59.9018],[30.27331,59.9018],[30.27324,59.9018],[30.27316,59.90179],[30.27309,59.90178],[30.27302,59.90176],[30.27297,59.90174],[30.27291,59.90171],[30.27287,59.90168],[30.27274,59.90171],[30.27255,59.90174],[30.27197,59.90186],[30.27193,59.90187],[30.27159,59.90193],[30.27132,59.90199],[30.27107,59.90203],[30.27034,59.90218],[30.26968,59.90231],[30.26964,59.90232],[30.26955,59.90233],[30.26942,59.90235],[30.26929,59.90238],[30.2691,59.90241],[30.26898,59.90231],[30.26861,59.9022],[30.26813,59.90209],[30.26767,59.90201],[30.26668,59.90196],[30.26615,59.90196],[30.26571,59.90182],[30.26505,59.90096],[30.26461,59.90057],[30.26297,59.90008],[30.2621,59.89989],[30.26115,59.89986],[30.25757,59.9004],[30.25701,59.90049],[30.25615,59.90057],[30.25563,59.90056],[30.25502,59.90044],[30.2545,59.9003],[30.25402,59.90017],[30.25365,59.90022],[30.253,59.90041],[30.25112,59.90103],[30.25023,59.90129],[30.25028,59.90132],[30.25351,59.90268],[30.25538,59.90414],[30.25593,59.9048],[30.25606,59.90497],[30.25754,59.90679],[30.25764,59.90689],[30.25994,59.90935],[30.2609,59.91075],[30.26191,59.91236],[30.2622,59.91367],[30.26215,59.91584],[30.26163,59.91678],[30.26049,59.91726],[30.26074,59.91592],[30.25771,59.91541],[30.25195,59.91453],[30.24087,59.91415],[30.24089,59.91391],[30.2407,59.91384],[30.24062,59.91382],[30.23907,59.91377],[30.23866,59.91369],[30.23455,59.91338],[30.23382,59.91361],[30.23263,59.91361],[30.23241,59.91373],[30.22891,59.91355],[30.22442,59.91399],[30.22395,59.9142],[30.22323,59.91445],[30.22227,59.91466],[30.22213,59.91465],[30.21556,59.91615],[30.21514,59.91623],[30.21483,59.91625],[30.21432,59.91627],[30.21404,59.91622],[30.21379,59.91611],[30.21346,59.91586],[30.2129,59.9152],[30.20743,59.90926],[30.20725,59.90898],[30.20726,59.90852],[30.2074,59.90831],[30.20794,59.9081],[30.21472,59.90609],[30.21548,59.906],[30.21563,59.90588],[30.21577,59.90579],[30.21585,59.90577],[30.21602,59.90577],[30.2164,59.90531],[30.21627,59.90527],[30.2162,59.90521],[30.21618,59.90516],[30.21626,59.90505],[30.2163,59.90496],[30.21622,59.90424],[30.2161,59.90397],[30.21601,59.90387],[30.21581,59.90371],[30.21582,59.90361],[30.21365,59.90223],[30.21276,59.90218],[30.21169,59.90138],[30.21129,59.90111],[30.21044,59.9005],[30.21022,59.90034],[30.21016,59.90029],[30.20946,59.8995],[30.20929,59.8994],[30.20889,59.8993],[30.20863,59.8992],[30.20847,59.8991],[30.20825,59.89898],[30.20807,59.89889],[30.20795,59.89886],[30.20784,59.89884],[30.20766,59.89878],[30.20755,59.89873],[30.20748,59.89867],[30.20743,59.89864],[30.20739,59.89863],[30.20732,59.89867],[30.20731,59.8987],[30.2073,59.89872],[30.20723,59.89873],[30.2072,59.89869],[30.20725,59.89864],[30.20722,59.8986],[30.20702,59.8985],[30.20676,59.89838],[30.20651,59.89822],[30.20633,59.8981],[30.20598,59.89789],[30.20579,59.8978],[30.20549,59.89767],[30.20528,59.89758],[30.205,59.89746],[30.20491,59.8974],[30.20486,59.89735],[30.20482,59.8973],[30.20478,59.89726],[30.20474,59.89723],[30.20457,59.89716],[30.20434,59.89705],[30.20404,59.8969],[30.20342,59.89657],[30.20319,59.89646],[30.20272,59.89623],[30.20252,59.89613],[30.20216,59.89601],[30.20174,59.89587],[30.20144,59.89577],[30.20115,59.89566],[30.20076,59.89549],[30.20053,59.89537],[30.20016,59.89519],[30.19981,59.89502],[30.1995,59.89488],[30.19915,59.89467],[30.19888,59.89456],[30.19861,59.89449],[30.19835,59.89448],[30.19764,59.8943],[30.19729,59.89409],[30.19713,59.89384],[30.19688,59.89368],[30.19636,59.89351],[30.19586,59.89319],[30.19541,59.89279],[30.19522,59.89272],[30.19507,59.89241],[30.19476,59.89208],[30.19459,59.89168],[30.19459,59.89158],[30.19461,59.89131],[30.19454,59.89111],[30.19449,59.89097],[30.19462,59.89077],[30.1948,59.89059],[30.19461,59.89042],[30.19436,59.89021],[30.19429,59.89015],[30.19433,59.88995],[30.19429,59.88977],[30.19431,59.88958],[30.19453,59.88942],[30.19472,59.88929],[30.1948,59.88922],[30.19486,59.88916],[30.19485,59.88907],[30.19247,59.88886],[30.19074,59.88868],[30.18763,59.88831],[30.18489,59.88798],[30.18226,59.88772],[30.1818,59.88767],[30.18125,59.88773],[30.18023,59.88765],[30.17456,59.88779],[30.17422,59.88785],[30.17298,59.88806],[30.17196,59.88828],[30.17043,59.88832],[30.16977,59.88832],[30.16947,59.88832],[30.16915,59.88834],[30.16898,59.88831],[30.16868,59.88792],[30.16817,59.88725],[30.16799,59.88702]]]]}},{"type":"Feature","properties":{"osm_id":337424,"name":"Колпинский район"},"geometry":{"type":"MultiPolygon","coordinates":[[[[30.44151,59.82945],[30.44333,59.8298],[30.44348,59.8298],[30.45574,59.83196],[30.4752,59.83399],[30.49996,59.81603],[30.5082,59.81012],[30.51155,59.80777],[30.51221,59.80803],[30.51041,59.80932],[30.51025,59.80961],[30.50981,59.80992],[30.50869,59.81061],[30.50822,59.81129],[30.50829,59.81264],[30.5105,59.81377],[30.5109,59.8136],[30.51228,59.8144],[30.51244,59.81461],[30.51246,59.81474],[30.51256,59.81487],[30.5126,59.81496],[30.51264,59.81507],[30.51301,59.81515],[30.51321,59.81518],[30.51338,59.81522],[30.51362,59.81531],[30.51454,59.81581],[30.51864,59.81815],[30.51894,59.81832],[30.51944,59.81865],[30.5199,59.81902],[30.52013,59.81923],[30.5203,59.81941],[30.52053,59.81974],[30.52075,59.82008],[30.5209,59.82042],[30.52136,59.8215],[30.52142,59.82167],[30.52141,59.82182],[30.52138,59.82194],[30.52131,59.82208],[30.52081,59.82277],[30.52058,59.82302],[30.52021,59.82339],[30.52016,59.82358],[30.5201,59.8237],[30.52021,59.82393],[30.52821,59.82082],[30.53163,59.81941],[30.53548,59.81808],[30.54115,59.81597],[30.54713,59.81369],[30.5485,59.81313],[30.55472,59.81716],[30.55365,59.81763],[30.55174,59.81974],[30.55428,59.82123],[30.55873,59.81946],[30.55991,59.82015],[30.56056,59.8203],[30.56149,59.82051],[30.56294,59.82083],[30.56312,59.82088],[30.56216,59.82129],[30.56151,59.82156],[30.56009,59.82215],[30.56042,59.82222],[30.56253,59.822],[30.56435,59.82181],[30.56517,59.82174],[30.56694,59.82366],[30.56717,59.82392],[30.57318,59.82239],[30.57876,59.82066],[30.5892,59.81728],[30.59379,59.81519],[30.59588,59.81359],[30.59764,59.812],[30.60433,59.80831],[30.61498,59.80258],[30.62283,59.79733],[30.6256,59.79548],[30.63015,59.79368],[30.63515,59.79254],[30.64435,59.79142],[30.6534,59.79064],[30.66014,59.78964],[30.6701,59.78648],[30.67393,59.7857],[30.67641,59.78547],[30.67858,59.78528],[30.6836,59.78508],[30.68697,59.78465],[30.69466,59.78275],[30.70111,59.78164],[30.70574,59.78132],[30.7104,59.78129],[30.71769,59.78172],[30.72491,59.78152],[30.72998,59.78102],[30.73529,59.7793],[30.73319,59.7772],[30.7279,59.77258],[30.72672,59.77085],[30.72807,59.77057],[30.7299,59.77019],[30.73442,59.76921],[30.74,59.76521],[30.73736,59.75967],[30.74413,59.75624],[30.7463,59.75576],[30.74876,59.75545],[30.75036,59.75546],[30.75276,59.75555],[30.75766,59.75629],[30.75893,59.75525],[30.75949,59.75473],[30.75947,59.75421],[30.75942,59.75376],[30.75889,59.75337],[30.75795,59.75306],[30.75681,59.7529],[30.75283,59.75293],[30.75088,59.75258],[30.74931,59.75194],[30.74871,59.75112],[30.74891,59.74957],[30.74997,59.74851],[30.75079,59.74801],[30.75328,59.7467],[30.75469,59.74567],[30.75647,59.74452],[30.75701,59.74375],[30.75492,59.74384],[30.7376,59.74489],[30.70305,59.74528],[30.69574,59.74375],[30.68013,59.72998],[30.68298,59.72492],[30.65036,59.72187],[30.64817,59.72127],[30.64776,59.72203],[30.64575,59.72375],[30.64347,59.72547],[30.64326,59.72542],[30.64289,59.7256],[30.64064,59.72744],[30.64062,59.72753],[30.64069,59.72772],[30.62998,59.73581],[30.62692,59.73575],[30.62505,59.73571],[30.62224,59.73562],[30.62188,59.73577],[30.62168,59.73569],[30.62131,59.73588],[30.62011,59.73552],[30.61985,59.73546],[30.61956,59.73539],[30.61824,59.7354],[30.61779,59.73579],[30.61667,59.73541],[30.61697,59.73349],[30.61734,59.73086],[30.61218,59.73074],[30.60926,59.73065],[30.60704,59.73058],[30.6059,59.73045],[30.60092,59.72955],[30.59839,59.72928],[30.59135,59.72912],[30.58846,59.7298],[30.58421,59.72964],[30.58388,59.72956],[30.58223,59.72958],[30.57651,59.72997],[30.57629,59.73002],[30.5759,59.73018],[30.57033,59.73067],[30.56964,59.7308],[30.56916,59.73091],[30.56734,59.73143],[30.55909,59.73541],[30.55841,59.73583],[30.5578,59.73668],[30.55606,59.73752],[30.55593,59.73792],[30.55592,59.73826],[30.55565,59.73863],[30.55551,59.73903],[30.55557,59.73959],[30.5554,59.73977],[30.55537,59.73997],[30.55569,59.74011],[30.55562,59.74045],[30.55626,59.74115],[30.55645,59.74116],[30.5573,59.74129],[30.55719,59.74166],[30.55728,59.74183],[30.5574,59.74194],[30.55687,59.74201],[30.55676,59.74206],[30.55714,59.74236],[30.55735,59.74242],[30.55757,59.7425],[30.55759,59.7426],[30.55755,59.74269],[30.55728,59.7428],[30.5572,59.74294],[30.55735,59.74315],[30.55771,59.74348],[30.55824,59.74373],[30.55827,59.7439],[30.55808,59.74426],[30.55764,59.74473],[30.5576,59.7451],[30.55764,59.74594],[30.55759,59.74708],[30.55735,59.74792],[30.55723,59.74831],[30.55678,59.74903],[30.55672,59.74911],[30.55654,59.74952],[30.55121,59.74925],[30.54848,59.74912],[30.52307,59.74793],[30.52414,59.75339],[30.52118,59.75373],[30.51459,59.75569],[30.51421,59.75599],[30.51326,59.7561],[30.51275,59.7565],[30.51204,59.75649],[30.5115,59.75677],[30.51019,59.75684],[30.51029,59.75698],[30.51033,59.75709],[30.51029,59.75719],[30.51005,59.75727],[30.50967,59.75734],[30.50943,59.7574],[30.50882,59.75769],[30.5086,59.75785],[30.5085,59.75801],[30.50836,59.75811],[30.50816,59.75818],[30.50811,59.75835],[30.5082,59.75845],[30.50836,59.75854],[30.50845,59.75866],[30.50845,59.75877],[30.50852,59.75891],[30.50859,59.75903],[30.50853,59.75916],[30.50835,59.75923],[30.5081,59.75927],[30.50795,59.75931],[30.5079,59.75942],[30.50801,59.75953],[30.50824,59.75963],[30.50857,59.75961],[30.50899,59.75941],[30.50922,59.75935],[30.50941,59.75937],[30.50958,59.75937],[30.5097,59.75948],[30.50967,59.75955],[30.50958,59.75963],[30.50936,59.75968],[30.50921,59.75977],[30.50919,59.75986],[30.50922,59.75991],[30.50937,59.76],[30.50959,59.76002],[30.5098,59.76004],[30.50985,59.76012],[30.50972,59.76033],[30.50955,59.76043],[30.50935,59.76046],[30.50902,59.76051],[30.50887,59.76056],[30.50882,59.76066],[30.50886,59.76075],[30.50887,59.76102],[30.50877,59.76118],[30.50872,59.76127],[30.50864,59.76135],[30.50832,59.76155],[30.507,59.76256],[30.50682,59.76272],[30.50676,59.76284],[30.50682,59.76295],[30.50692,59.76301],[30.50788,59.76343],[30.50808,59.76354],[30.50841,59.76382],[30.50933,59.76503],[30.50947,59.76516],[30.50956,59.76528],[30.50956,59.76537],[30.50953,59.76546],[30.50953,59.7656],[30.50956,59.76574],[30.50951,59.76586],[30.50941,59.76596],[30.50945,59.76602],[30.50968,59.76617],[30.50974,59.76624],[30.50982,59.76635],[30.51007,59.76653],[30.51021,59.76659],[30.51027,59.76669],[30.51024,59.76674],[30.51014,59.76676],[30.50978,59.76686],[30.50965,59.76692],[30.50965,59.76699],[30.50978,59.76702],[30.51002,59.76702],[30.51031,59.76703],[30.51045,59.76707],[30.51057,59.76711],[30.5106,59.76726],[30.51066,59.7675],[30.51057,59.7677],[30.51053,59.76834],[30.51053,59.76843],[30.51061,59.76858],[30.51068,59.76866],[30.51076,59.7687],[30.5109,59.7687],[30.51102,59.76864],[30.51122,59.76854],[30.51137,59.76838],[30.51153,59.76828],[30.51176,59.76813],[30.51189,59.7681],[30.51198,59.76811],[30.51209,59.76814],[30.51215,59.76818],[30.51215,59.76826],[30.51215,59.76833],[30.51215,59.76843],[30.51221,59.76861],[30.51241,59.76893],[30.51268,59.76916],[30.51307,59.76945],[30.51314,59.76958],[30.5131,59.76975],[30.51291,59.76988],[30.51276,59.77],[30.51203,59.77015],[30.51178,59.77017],[30.51155,59.77012],[30.51138,59.76999],[30.51114,59.76999],[30.51086,59.77005],[30.51068,59.77012],[30.51058,59.77023],[30.51056,59.7704],[30.51071,59.77056],[30.5109,59.77066],[30.51099,59.77076],[30.51123,59.77095],[30.51158,59.77114],[30.51203,59.77134],[30.51234,59.77145],[30.51278,59.7716],[30.51311,59.77169],[30.51344,59.77173],[30.51386,59.77176],[30.51407,59.77179],[30.51421,59.77185],[30.51423,59.7719],[30.51421,59.77197],[30.51378,59.77288],[30.51361,59.77299],[30.51339,59.77304],[30.51308,59.77306],[30.51287,59.77313],[30.51274,59.77322],[30.51278,59.77333],[30.51321,59.77369],[30.51327,59.77376],[30.51314,59.77383],[30.513,59.77383],[30.51266,59.77363],[30.51249,59.77357],[30.51231,59.77359],[30.51214,59.7737],[30.51194,59.77387],[30.51189,59.77407],[30.51193,59.77423],[30.51208,59.77441],[30.51223,59.77453],[30.51248,59.77467],[30.51275,59.77473],[30.51301,59.77482],[30.51329,59.77501],[30.51346,59.77526],[30.51351,59.77546],[30.51342,59.77562],[30.5133,59.77574],[30.51311,59.77583],[30.51294,59.77592],[30.51287,59.776],[30.51287,59.7761],[30.51297,59.77629],[30.51296,59.77636],[30.51298,59.77648],[30.51309,59.77654],[30.51411,59.77638],[30.5145,59.7763],[30.51461,59.77616],[30.51445,59.77609],[30.5143,59.77602],[30.51441,59.77596],[30.51468,59.77591],[30.51506,59.77583],[30.51537,59.77574],[30.5158,59.77571],[30.51622,59.77565],[30.51646,59.77565],[30.51659,59.77569],[30.51668,59.77572],[30.51674,59.77576],[30.51699,59.77594],[30.51723,59.77606],[30.51739,59.77613],[30.51769,59.77624],[30.51797,59.77631],[30.51823,59.77634],[30.51845,59.7764],[30.51867,59.77653],[30.51875,59.77665],[30.51875,59.77678],[30.51873,59.77689],[30.51857,59.777],[30.51827,59.77708],[30.51789,59.77716],[30.51656,59.7773],[30.51632,59.77735],[30.51615,59.7774],[30.51605,59.7775],[30.516,59.77773],[30.51602,59.77787],[30.51609,59.77792],[30.51626,59.77802],[30.51648,59.77811],[30.51672,59.77822],[30.51692,59.77832],[30.51708,59.77841],[30.51715,59.77856],[30.5173,59.77869],[30.51748,59.7788],[30.51764,59.77889],[30.51776,59.77892],[30.51802,59.77903],[30.51825,59.77911],[30.51849,59.7792],[30.5187,59.77932],[30.51881,59.77941],[30.51896,59.77947],[30.51914,59.7795],[30.51925,59.77942],[30.5192,59.77928],[30.51924,59.77918],[30.51939,59.77915],[30.51953,59.77918],[30.51969,59.7793],[30.51991,59.77945],[30.52018,59.77963],[30.52046,59.77974],[30.52075,59.77984],[30.52113,59.77991],[30.5213,59.77999],[30.52136,59.78013],[30.52132,59.78029],[30.52132,59.78046],[30.52141,59.78061],[30.52158,59.78079],[30.52153,59.78104],[30.5214,59.78115],[30.52115,59.78129],[30.52097,59.78131],[30.52081,59.78127],[30.5206,59.78113],[30.52038,59.78066],[30.52021,59.7805],[30.5199,59.78041],[30.51955,59.78044],[30.51919,59.78047],[30.51907,59.78051],[30.51902,59.78057],[30.51903,59.7807],[30.51911,59.78092],[30.51915,59.78102],[30.51925,59.78109],[30.51966,59.78121],[30.51983,59.78127],[30.51988,59.78141],[30.51955,59.78214],[30.51946,59.78237],[30.51933,59.78259],[30.51916,59.78268],[30.51841,59.78266],[30.51821,59.78262],[30.51794,59.78238],[30.51778,59.78213],[30.51757,59.78205],[30.5174,59.78202],[30.51689,59.782],[30.51661,59.78198],[30.5165,59.782],[30.5164,59.78204],[30.51632,59.7821],[30.51626,59.78223],[30.51627,59.78251],[30.51643,59.7828],[30.51667,59.78314],[30.51684,59.78343],[30.517,59.78372],[30.50953,59.78524],[30.50884,59.78437],[30.50176,59.78849],[30.49803,59.7888],[30.49773,59.78932],[30.49499,59.79014],[30.49451,59.79025],[30.49238,59.79089],[30.48975,59.79207],[30.4896,59.79187],[30.48829,59.79161],[30.48704,59.79193],[30.48694,59.79209],[30.48552,59.79254],[30.4843,59.7915],[30.47917,59.79296],[30.46863,59.79772],[30.45784,59.80276],[30.45647,59.80919],[30.45641,59.8093],[30.4561,59.80991],[30.45539,59.81069],[30.4508,59.81582],[30.44878,59.81731],[30.45199,59.81735],[30.45256,59.81734],[30.45449,59.81736],[30.44947,59.82358],[30.4484,59.82339],[30.44512,59.82784],[30.44437,59.82829],[30.44411,59.82827],[30.44391,59.82827],[30.43944,59.82803],[30.44151,59.82945]]]]}},{"type":"Feature","properties":{"osm_id":1114895,"name":"Красногвардейский район"},"geometry":{"type":"MultiPolygon","coordinates":[[[[30.39591,59.92574],[30.39428,59.92902],[30.39633,59.93313],[30.4002,59.93896],[30.4011,59.943],[30.40334,59.94863],[30.40407,59.95119],[30.40356,59.95261],[30.40201,59.95379],[30.3993,59.95507],[30.40321,59.95703],[30.40693,59.95894],[30.40709,59.95916],[30.40719,59.95934],[30.40814,59.96162],[30.4087,59.96307],[30.41107,59.96891],[30.41215,59.97154],[30.41248,59.97201],[30.41261,59.97218],[30.41359,59.9731],[30.42118,59.98018],[30.42726,59.98589],[30.43329,59.99162],[30.43788,59.99594],[30.43936,59.99719],[30.44217,59.99982],[30.4409,60.0032],[30.44002,60.00552],[30.43819,60.01031],[30.43747,60.0122],[30.43658,60.0145],[30.43642,60.01504],[30.43633,60.01567],[30.43638,60.01611],[30.43647,60.01653],[30.43676,60.01722],[30.43725,60.01838],[30.43742,60.01914],[30.4374,60.01974],[30.43737,60.02023],[30.43727,60.02106],[30.43714,60.02202],[30.43704,60.02288],[30.43714,60.02647],[30.43719,60.02963],[30.43761,60.03913],[30.43785,60.03923],[30.44193,60.04095],[30.44915,60.03942],[30.45077,60.03908],[30.45785,60.03757],[30.45834,60.03754],[30.45929,60.03712],[30.45986,60.03662],[30.46054,60.03618],[30.4611,60.03563],[30.4612,60.03532],[30.46123,60.03499],[30.46129,60.03469],[30.46149,60.03454],[30.4625,60.03422],[30.46405,60.03396],[30.46526,60.03345],[30.46698,60.03376],[30.46779,60.03373],[30.46823,60.03356],[30.46841,60.03339],[30.46839,60.03317],[30.4683,60.03303],[30.46824,60.03277],[30.46828,60.03253],[30.46808,60.03228],[30.46798,60.0322],[30.46756,60.03191],[30.46719,60.03165],[30.4668,60.03155],[30.46624,60.03151],[30.46592,60.03146],[30.46515,60.03135],[30.46455,60.03127],[30.46451,60.03124],[30.46407,60.03083],[30.46386,60.03036],[30.46377,60.03018],[30.46298,60.02967],[30.46268,60.02928],[30.46216,60.02861],[30.46218,60.02836],[30.46235,60.02813],[30.46276,60.02802],[30.46344,60.02793],[30.46413,60.02791],[30.46467,60.02788],[30.46529,60.02783],[30.46615,60.02772],[30.46799,60.02749],[30.46824,60.02744],[30.4684,60.02737],[30.46843,60.02727],[30.46837,60.02714],[30.46809,60.02697],[30.46768,60.02685],[30.4671,60.02683],[30.46617,60.02691],[30.46566,60.02691],[30.46525,60.02681],[30.46491,60.02658],[30.46446,60.02617],[30.46438,60.02599],[30.46411,60.02584],[30.4642,60.02576],[30.46415,60.02554],[30.46428,60.02537],[30.46482,60.02506],[30.46572,60.02489],[30.46616,60.02478],[30.46676,60.02454],[30.46691,60.02431],[30.46688,60.02394],[30.4671,60.02325],[30.46721,60.02305],[30.46732,60.02291],[30.46758,60.02274],[30.46788,60.02264],[30.46846,60.0226],[30.46892,60.02269],[30.46962,60.02307],[30.47014,60.02337],[30.4704,60.02385],[30.47062,60.02406],[30.47104,60.02445],[30.4718,60.02473],[30.4728,60.02495],[30.47432,60.02518],[30.47517,60.02515],[30.47564,60.02502],[30.47585,60.02478],[30.47583,60.02459],[30.47561,60.02396],[30.47552,60.02361],[30.47565,60.02297],[30.47587,60.0227],[30.47658,60.02244],[30.47691,60.02241],[30.47826,60.02264],[30.47916,60.02265],[30.47952,60.02258],[30.47986,60.02239],[30.47998,60.02198],[30.48043,60.02117],[30.48135,60.02062],[30.48218,60.02028],[30.48306,60.02019],[30.4838,60.02031],[30.48434,60.0205],[30.48639,60.02179],[30.48716,60.02259],[30.48757,60.0229],[30.48804,60.02318],[30.48839,60.02328],[30.48861,60.02327],[30.48877,60.02321],[30.48911,60.02306],[30.48942,60.02285],[30.48967,60.02243],[30.48948,60.02143],[30.48936,60.02132],[30.48942,60.02117],[30.48935,60.02056],[30.48968,60.01927],[30.48981,60.01884],[30.48986,60.01869],[30.48964,60.01866],[30.4895,60.01848],[30.48935,60.01778],[30.48916,60.01753],[30.48905,60.01754],[30.48887,60.01774],[30.48866,60.01772],[30.48857,60.01768],[30.48845,60.01764],[30.48796,60.01718],[30.48776,60.01686],[30.4873,60.01644],[30.48701,60.01633],[30.48664,60.01631],[30.48667,60.01625],[30.48687,60.01617],[30.48677,60.0161],[30.48672,60.01602],[30.48637,60.01577],[30.48626,60.01568],[30.48616,60.01537],[30.48622,60.01497],[30.48624,60.01487],[30.48625,60.01483],[30.48609,60.01476],[30.48579,60.01475],[30.48579,60.0147],[30.48624,60.01453],[30.48632,60.01437],[30.48644,60.01406],[30.48692,60.01365],[30.48707,60.01325],[30.48706,60.01315],[30.48663,60.01303],[30.48661,60.01299],[30.48668,60.01296],[30.48697,60.013],[30.4871,60.01299],[30.48756,60.01234],[30.48771,60.01199],[30.48785,60.01138],[30.48794,60.01117],[30.48835,60.01075],[30.48853,60.01047],[30.48846,60.0104],[30.48827,60.01031],[30.48798,60.0103],[30.48796,60.01026],[30.48805,60.01022],[30.48833,60.01021],[30.4886,60.01027],[30.48881,60.01027],[30.48919,60.00986],[30.48942,60.00948],[30.48927,60.00941],[30.48935,60.00934],[30.48946,60.00931],[30.48959,60.00907],[30.48977,60.00882],[30.48981,60.0087],[30.48973,60.00856],[30.48931,60.00832],[30.48945,60.0083],[30.48961,60.00833],[30.48974,60.00843],[30.48988,60.00844],[30.49,60.00839],[30.49003,60.00826],[30.4901,60.0082],[30.49056,60.00838],[30.49251,60.00908],[30.4929,60.00948],[30.4939,60.00966],[30.49437,60.00909],[30.49477,60.00837],[30.49546,60.00787],[30.49927,60.0084],[30.49932,60.00794],[30.49944,60.00774],[30.4997,60.00736],[30.50396,60.00648],[30.50399,60.00643],[30.50373,60.0056],[30.50339,60.0045],[30.50315,60.00417],[30.50292,60.00359],[30.50191,60.00276],[30.50025,60.00137],[30.50019,60.00125],[30.5,60.00106],[30.49949,60.00043],[30.4997,60.00017],[30.50023,60.0002],[30.50171,60.00018],[30.50235,60.00005],[30.50294,59.99967],[30.50205,59.99822],[30.50403,59.99637],[30.50384,59.99593],[30.50396,59.9958],[30.5038,59.99569],[30.50355,59.99508],[30.50347,59.99469],[30.50344,59.99457],[30.50361,59.99444],[30.50541,59.99399],[30.50656,59.99371],[30.50726,59.99279],[30.50617,59.9905],[30.50748,59.98963],[30.50871,59.98881],[30.50881,59.98866],[30.50871,59.98844],[30.50826,59.98788],[30.50774,59.98749],[30.50809,59.98713],[30.50876,59.98726],[30.5104,59.98664],[30.51167,59.98638],[30.51215,59.98628],[30.51257,59.98584],[30.51446,59.98581],[30.51746,59.98534],[30.52005,59.98641],[30.52434,59.98821],[30.53469,59.99259],[30.53574,59.99229],[30.53592,59.99221],[30.53606,59.99212],[30.53612,59.99195],[30.53601,59.99182],[30.53614,59.99151],[30.53651,59.9911],[30.53653,59.99094],[30.53648,59.9908],[30.53634,59.99069],[30.53618,59.99065],[30.536,59.99062],[30.53587,59.99058],[30.53559,59.99037],[30.53551,59.99026],[30.53497,59.98984],[30.53481,59.98981],[30.53467,59.98986],[30.53464,59.99013],[30.53472,59.99032],[30.53452,59.99049],[30.53435,59.99055],[30.53433,59.99063],[30.53419,59.99066],[30.53403,59.99062],[30.53379,59.99013],[30.53383,59.99002],[30.53378,59.98977],[30.53428,59.98945],[30.53431,59.98934],[30.53418,59.98922],[30.5337,59.9889],[30.5337,59.9888],[30.53396,59.98869],[30.53469,59.98866],[30.53488,59.98871],[30.53489,59.98876],[30.53482,59.98896],[30.53497,59.98914],[30.53531,59.98919],[30.53566,59.9892],[30.53626,59.98909],[30.53663,59.98899],[30.53695,59.98885],[30.53757,59.98875],[30.53786,59.98868],[30.53794,59.98859],[30.53781,59.98836],[30.53778,59.98811],[30.5377,59.98802],[30.53753,59.98793],[30.53703,59.98782],[30.5365,59.98742],[30.53627,59.9871],[30.53627,59.98694],[30.53642,59.98679],[30.53641,59.98668],[30.53629,59.98664],[30.53596,59.98665],[30.53535,59.98665],[30.53493,59.98661],[30.53473,59.98665],[30.53461,59.98682],[30.53407,59.9871],[30.53386,59.98712],[30.53366,59.98711],[30.53317,59.98701],[30.53306,59.98694],[30.53323,59.98664],[30.53319,59.98643],[30.53297,59.98624],[30.53269,59.9861],[30.53247,59.986],[30.53236,59.98589],[30.53234,59.98576],[30.53237,59.98567],[30.53258,59.98533],[30.53252,59.98518],[30.53278,59.98485],[30.53314,59.98464],[30.53313,59.98451],[30.53293,59.9844],[30.53238,59.98411],[30.53211,59.98412],[30.53149,59.98431],[30.5314,59.98453],[30.53114,59.98467],[30.53081,59.98461],[30.53065,59.98424],[30.53083,59.98391],[30.5312,59.98353],[30.53125,59.98329],[30.53092,59.98313],[30.53013,59.98305],[30.52996,59.98296],[30.52968,59.98277],[30.52867,59.9824],[30.52806,59.98211],[30.52821,59.98204],[30.52878,59.98189],[30.52934,59.98202],[30.53029,59.98193],[30.53074,59.98206],[30.53087,59.98192],[30.53095,59.98186],[30.53107,59.98192],[30.53136,59.98176],[30.53148,59.98178],[30.53152,59.98183],[30.53155,59.98196],[30.53198,59.98227],[30.53207,59.9823],[30.53215,59.98244],[30.53235,59.98249],[30.53252,59.98258],[30.53242,59.98266],[30.53271,59.98279],[30.53292,59.98277],[30.53437,59.98277],[30.53446,59.98274],[30.53443,59.98267],[30.53445,59.98261],[30.53454,59.9826],[30.53493,59.98257],[30.53519,59.98262],[30.53537,59.98261],[30.53541,59.98265],[30.53542,59.98275],[30.53557,59.98286],[30.53568,59.98293],[30.53579,59.98291],[30.53586,59.9828],[30.53605,59.98277],[30.53615,59.98281],[30.53603,59.98287],[30.53602,59.98295],[30.53611,59.98298],[30.53626,59.98294],[30.53656,59.98276],[30.53652,59.98269],[30.53637,59.98265],[30.53637,59.98258],[30.53647,59.98253],[30.53659,59.98251],[30.53691,59.98263],[30.53705,59.98264],[30.53714,59.9826],[30.53727,59.98263],[30.53741,59.98263],[30.53741,59.9826],[30.53727,59.98257],[30.53723,59.98249],[30.53737,59.98247],[30.53738,59.98242],[30.53732,59.98242],[30.53736,59.98235],[30.53767,59.98237],[30.53781,59.98231],[30.53794,59.98232],[30.53796,59.98241],[30.53819,59.98236],[30.53811,59.98226],[30.53839,59.98222],[30.5385,59.9823],[30.53866,59.98227],[30.53882,59.98219],[30.53895,59.98216],[30.53919,59.98214],[30.53921,59.98205],[30.53929,59.982],[30.53946,59.98197],[30.53957,59.98202],[30.53972,59.982],[30.53963,59.98194],[30.54004,59.98185],[30.54019,59.98181],[30.54039,59.98181],[30.54046,59.98178],[30.54046,59.98167],[30.54057,59.98164],[30.54062,59.98154],[30.54078,59.98147],[30.54085,59.98142],[30.54071,59.98131],[30.54072,59.98128],[30.5411,59.98121],[30.54122,59.98112],[30.54141,59.9811],[30.5416,59.98115],[30.54188,59.9811],[30.54204,59.98112],[30.54214,59.98116],[30.54231,59.98106],[30.54248,59.98106],[30.54255,59.98111],[30.54298,59.98106],[30.54379,59.98098],[30.54391,59.98102],[30.54406,59.98094],[30.54396,59.98082],[30.54398,59.98078],[30.54407,59.98074],[30.544,59.98062],[30.54441,59.98062],[30.54445,59.9805],[30.54453,59.98048],[30.54463,59.98052],[30.54578,59.98052],[30.54658,59.98055],[30.54721,59.98061],[30.54757,59.98036],[30.54774,59.98034],[30.54796,59.98037],[30.54817,59.98045],[30.54819,59.98051],[30.54842,59.98052],[30.54867,59.98062],[30.54868,59.98068],[30.5487,59.98077],[30.54881,59.98077],[30.54886,59.98071],[30.54892,59.98073],[30.54894,59.98079],[30.54919,59.98085],[30.54937,59.98097],[30.54955,59.98097],[30.54974,59.98098],[30.54983,59.98104],[30.54966,59.98109],[30.54963,59.98115],[30.54971,59.98121],[30.54989,59.98117],[30.55004,59.98122],[30.55,59.98128],[30.55004,59.98132],[30.55014,59.98132],[30.55029,59.98127],[30.55049,59.98132],[30.5507,59.98137],[30.55085,59.98137],[30.55128,59.98122],[30.55198,59.98116],[30.55229,59.98109],[30.55238,59.98101],[30.5484,59.97919],[30.54843,59.97871],[30.55146,59.97839],[30.55173,59.97943],[30.55406,59.97922],[30.554,59.97815],[30.554,59.97812],[30.55401,59.97807],[30.55409,59.97718],[30.55436,59.97687],[30.55462,59.97659],[30.55489,59.97631],[30.55584,59.97528],[30.55752,59.97423],[30.55821,59.97381],[30.55617,59.97328],[30.55695,59.97272],[30.55941,59.97337],[30.56603,59.97096],[30.56533,59.97092],[30.56477,59.97069],[30.56428,59.97052],[30.56374,59.97054],[30.56254,59.97029],[30.56194,59.97026],[30.56099,59.97017],[30.56062,59.96987],[30.55927,59.96962],[30.55582,59.9699],[30.55431,59.9696],[30.55249,59.96899],[30.54509,59.97573],[30.54449,59.97628],[30.54292,59.97583],[30.54253,59.97576],[30.54213,59.97571],[30.54151,59.97569],[30.53996,59.9757],[30.53293,59.97394],[30.53172,59.97367],[30.52904,59.97311],[30.52877,59.97305],[30.52845,59.97302],[30.52817,59.97302],[30.52797,59.97305],[30.52785,59.9731],[30.52685,59.97409],[30.5249,59.9736],[30.5172,59.97157],[30.51729,59.97149],[30.5169,59.97139],[30.51679,59.97149],[30.51414,59.9708],[30.51374,59.9707],[30.51319,59.97058],[30.5131,59.97056],[30.51244,59.96785],[30.51231,59.96753],[30.51201,59.96583],[30.51135,59.96238],[30.50775,59.94562],[30.50772,59.94555],[30.50772,59.94549],[30.50771,59.94543],[30.50728,59.9436],[30.50625,59.9391],[30.50553,59.93594],[30.50441,59.93492],[30.50298,59.93421],[30.50117,59.93358],[30.49836,59.93311],[30.49606,59.93309],[30.49053,59.9334],[30.48721,59.93359],[30.48024,59.93397],[30.47435,59.93429],[30.47426,59.93405],[30.47201,59.93418],[30.46882,59.93416],[30.46248,59.93437],[30.46741,59.93329],[30.46728,59.93312],[30.46545,59.93346],[30.45877,59.93508],[30.45456,59.93594],[30.45134,59.93619],[30.44839,59.93611],[30.44683,59.93556],[30.44518,59.93441],[30.44468,59.93378],[30.44391,59.93279],[30.44283,59.93171],[30.44322,59.93157],[30.44242,59.93094],[30.44191,59.93111],[30.43905,59.92893],[30.43735,59.92801],[30.43618,59.92722],[30.43415,59.92595],[30.43213,59.92431],[30.42895,59.92181],[30.42747,59.9208],[30.42664,59.92035],[30.42563,59.91989],[30.42377,59.91927],[30.42303,59.91903],[30.42172,59.91846],[30.42145,59.91853],[30.42172,59.91869],[30.416,59.91712],[30.41317,59.91651],[30.4094,59.91543],[30.40684,59.91767],[30.40221,59.92063],[30.3972,59.92419],[30.39591,59.92574]]]]}},{"type":"Feature","properties":{"osm_id":363103,"name":"Красносельский район"},"geometry":{"type":"MultiPolygon","coordinates":[[[[30.0456,59.76554],[30.05226,59.76586],[30.05638,59.76606],[30.06147,59.76772],[30.06292,59.7682],[30.07184,59.77111],[30.07718,59.77284],[30.07827,59.77319],[30.08456,59.77575],[30.08393,59.7786],[30.08398,59.77862],[30.09074,59.78142],[30.09072,59.78152],[30.09142,59.78207],[30.09449,59.78243],[30.09482,59.78248],[30.09582,59.78262],[30.09605,59.78242],[30.09614,59.78245],[30.09705,59.78273],[30.09667,59.78299],[30.09627,59.78337],[30.09692,59.78359],[30.09795,59.78393],[30.09784,59.78435],[30.09851,59.78526],[30.09881,59.78588],[30.09883,59.78624],[30.09866,59.78708],[30.09826,59.7894],[30.09821,59.79004],[30.09826,59.7906],[30.09867,59.79463],[30.0987,59.79487],[30.09869,59.79519],[30.09878,59.7955],[30.09921,59.79615],[30.09929,59.79631],[30.1052,59.79694],[30.10561,59.79736],[30.1049,59.80286],[30.10952,59.80317],[30.10978,59.80333],[30.11002,59.80326],[30.11222,59.80346],[30.12342,59.80446],[30.12533,59.80652],[30.12769,59.80907],[30.10468,59.8173],[30.09097,59.81486],[30.08589,59.81614],[30.07529,59.81523],[30.07493,59.81668],[30.07467,59.81791],[30.07458,59.81829],[30.07447,59.81866],[30.07437,59.81906],[30.07433,59.81923],[30.07422,59.81968],[30.07405,59.82036],[30.07402,59.82049],[30.074,59.82059],[30.07379,59.82151],[30.07357,59.82246],[30.07355,59.82251],[30.07354,59.82255],[30.07327,59.82358],[30.07301,59.8247],[30.07285,59.82541],[30.07269,59.82613],[30.0724,59.82725],[30.07206,59.82858],[30.072,59.82888],[30.07192,59.82924],[30.0719,59.82932],[30.07131,59.83181],[30.07069,59.83423],[30.07026,59.83621],[30.06974,59.83842],[30.07552,59.83705],[30.08359,59.83515],[30.08607,59.83461],[30.08616,59.83469],[30.08671,59.83532],[30.09155,59.83593],[30.09147,59.83725],[30.09146,59.83736],[30.09127,59.84044],[30.09125,59.84082],[30.09122,59.84132],[30.09099,59.84499],[30.09078,59.84832],[30.09068,59.85003],[30.09061,59.85104],[30.09059,59.85144],[30.09058,59.85159],[30.09056,59.8518],[30.09055,59.852],[30.09054,59.8521],[30.09053,59.85215],[30.0905,59.85267],[30.09047,59.85274],[30.09043,59.85282],[30.09039,59.85285],[30.09059,59.8529],[30.09415,59.85363],[30.09475,59.85374],[30.09523,59.85383],[30.09541,59.85385],[30.09562,59.85387],[30.09589,59.85387],[30.09615,59.85387],[30.0964,59.85385],[30.10057,59.85341],[30.1006,59.85398],[30.0984,59.85533],[30.09867,59.8581],[30.09855,59.85892],[30.09852,59.86353],[30.09959,59.86402],[30.10063,59.86425],[30.10114,59.86424],[30.10186,59.86383],[30.10238,59.86372],[30.10312,59.86354],[30.1042,59.86318],[30.10511,59.86312],[30.10628,59.86277],[30.10755,59.86327],[30.10771,59.86326],[30.10851,59.86323],[30.1088,59.86322],[30.11094,59.86224],[30.11394,59.86192],[30.1146,59.86239],[30.11429,59.86246],[30.11379,59.86239],[30.11348,59.8625],[30.11349,59.86269],[30.11397,59.86286],[30.11542,59.86277],[30.11588,59.86285],[30.11626,59.86279],[30.11627,59.86263],[30.11669,59.86193],[30.11657,59.86166],[30.11666,59.86136],[30.11684,59.86046],[30.11687,59.85974],[30.11677,59.85953],[30.11702,59.85911],[30.11701,59.85881],[30.11707,59.85878],[30.117,59.85875],[30.1171,59.85871],[30.11719,59.85869],[30.11729,59.8587],[30.11736,59.85873],[30.11743,59.85875],[30.11747,59.85879],[30.11742,59.85882],[30.11739,59.85888],[30.11736,59.85899],[30.11737,59.85908],[30.11738,59.85914],[30.11739,59.85918],[30.11736,59.85924],[30.11731,59.85931],[30.11734,59.85938],[30.11737,59.85943],[30.11731,59.85948],[30.11728,59.85957],[30.11725,59.85962],[30.11725,59.85969],[30.11721,59.85975],[30.11717,59.85979],[30.11717,59.85985],[30.1172,59.85992],[30.11719,59.85998],[30.11726,59.86002],[30.11721,59.86004],[30.11723,59.86009],[30.11721,59.86016],[30.11719,59.86023],[30.11717,59.86029],[30.1172,59.86033],[30.1172,59.8604],[30.11723,59.86046],[30.11721,59.86053],[30.11723,59.86056],[30.11713,59.86066],[30.11711,59.86072],[30.11716,59.86082],[30.11719,59.86092],[30.1172,59.861],[30.11722,59.86115],[30.11723,59.86123],[30.11718,59.86134],[30.11716,59.86146],[30.11714,59.86156],[30.11724,59.86169],[30.11732,59.86178],[30.11737,59.86188],[30.11747,59.86198],[30.11747,59.86208],[30.11754,59.86213],[30.11757,59.86222],[30.11756,59.86229],[30.11757,59.86233],[30.11755,59.86236],[30.11756,59.86241],[30.11761,59.86247],[30.11765,59.86253],[30.11781,59.86264],[30.11814,59.86274],[30.11838,59.86276],[30.12045,59.86267],[30.12051,59.8627],[30.12137,59.86269],[30.12159,59.86266],[30.12669,59.86259],[30.13178,59.86261],[30.13191,59.86263],[30.13283,59.86319],[30.13292,59.8632],[30.13301,59.8632],[30.13306,59.86316],[30.13304,59.86309],[30.1329,59.86301],[30.1325,59.8628],[30.13221,59.86262],[30.13191,59.86245],[30.13197,59.86236],[30.132,59.8623],[30.13218,59.86207],[30.13224,59.86209],[30.13229,59.86208],[30.13273,59.86174],[30.13324,59.8617],[30.1337,59.86173],[30.1337,59.86177],[30.1338,59.86177],[30.1338,59.86173],[30.13447,59.86174],[30.13486,59.86178],[30.13522,59.86181],[30.13625,59.86197],[30.1371,59.86213],[30.13851,59.86219],[30.13998,59.86255],[30.14014,59.86303],[30.14083,59.86326],[30.14182,59.86346],[30.14225,59.86365],[30.14212,59.86389],[30.14347,59.86427],[30.14371,59.86433],[30.14591,59.86513],[30.14771,59.86552],[30.1494,59.86639],[30.15044,59.86716],[30.15112,59.86779],[30.15179,59.86849],[30.15226,59.86904],[30.15265,59.86941],[30.15294,59.86945],[30.15317,59.86948],[30.15342,59.86946],[30.15354,59.86949],[30.15375,59.86962],[30.15428,59.86999],[30.15449,59.87022],[30.15467,59.87032],[30.15499,59.87037],[30.15534,59.87082],[30.15523,59.8709],[30.15518,59.87098],[30.15521,59.87109],[30.15506,59.87125],[30.15521,59.87132],[30.15535,59.87144],[30.15522,59.87147],[30.1551,59.87153],[30.15524,59.87165],[30.15564,59.87194],[30.15574,59.8719],[30.15586,59.8718],[30.15603,59.87178],[30.15618,59.87177],[30.16257,59.87037],[30.1635,59.87069],[30.16367,59.87078],[30.16371,59.87084],[30.16372,59.87092],[30.16368,59.87097],[30.1636,59.87107],[30.1636,59.87111],[30.16366,59.87115],[30.16381,59.87119],[30.16397,59.8712],[30.16421,59.87118],[30.16442,59.87114],[30.16456,59.87114],[30.1647,59.87114],[30.16484,59.87117],[30.16508,59.8713],[30.16524,59.87132],[30.1656,59.8713],[30.16576,59.87128],[30.16591,59.8713],[30.16612,59.87128],[30.16628,59.87125],[30.16643,59.87126],[30.16661,59.87122],[30.167,59.87112],[30.16732,59.87101],[30.16775,59.87095],[30.16826,59.87096],[30.16854,59.87094],[30.16921,59.87078],[30.16967,59.87061],[30.17002,59.87066],[30.1705,59.87064],[30.1707,59.87055],[30.17062,59.87047],[30.1701,59.87041],[30.16978,59.87038],[30.16999,59.87025],[30.17016,59.8702],[30.17033,59.87022],[30.17048,59.87023],[30.17062,59.87022],[30.17071,59.87019],[30.17075,59.87016],[30.17078,59.87011],[30.17077,59.87007],[30.17074,59.87003],[30.17061,59.86996],[30.17046,59.86992],[30.17067,59.86976],[30.17102,59.86965],[30.17141,59.86959],[30.17184,59.86957],[30.17191,59.86974],[30.1722,59.86993],[30.1724,59.87001],[30.17264,59.8701],[30.17293,59.87052],[30.17539,59.87031],[30.17563,59.87035],[30.1762,59.87025],[30.17648,59.87018],[30.17672,59.87005],[30.17694,59.86993],[30.17712,59.86981],[30.17723,59.86969],[30.17738,59.86956],[30.17757,59.86947],[30.17777,59.8694],[30.17796,59.86929],[30.17827,59.86906],[30.17854,59.86885],[30.17869,59.86873],[30.17883,59.86866],[30.17902,59.86861],[30.17916,59.86857],[30.17934,59.86848],[30.17944,59.86846],[30.17956,59.86844],[30.17967,59.86843],[30.17977,59.8684],[30.17986,59.86832],[30.17989,59.86824],[30.17986,59.86815],[30.17985,59.86811],[30.17994,59.86804],[30.1803,59.86789],[30.18037,59.86785],[30.1804,59.8678],[30.18038,59.86767],[30.18047,59.86749],[30.18061,59.86732],[30.18063,59.86723],[30.18069,59.86713],[30.18079,59.86706],[30.181,59.86693],[30.18117,59.86684],[30.18132,59.86679],[30.18144,59.86676],[30.18165,59.86674],[30.1819,59.86671],[30.18228,59.86668],[30.18259,59.86668],[30.18286,59.8667],[30.18325,59.86672],[30.1835,59.86676],[30.18382,59.86682],[30.18395,59.86682],[30.18407,59.8668],[30.18443,59.8667],[30.18502,59.86656],[30.18517,59.86656],[30.18528,59.8666],[30.18556,59.86699],[30.18573,59.8671],[30.18593,59.86719],[30.18612,59.86727],[30.18639,59.86734],[30.18686,59.86743],[30.18743,59.86751],[30.18768,59.86753],[30.18789,59.86754],[30.18834,59.86756],[30.1886,59.8676],[30.18889,59.86761],[30.18944,59.86761],[30.18997,59.86761],[30.19055,59.8676],[30.19118,59.86758],[30.19159,59.86759],[30.19195,59.86762],[30.19232,59.86769],[30.1928,59.86776],[30.19472,59.86786],[30.19518,59.86791],[30.19636,59.86817],[30.19686,59.86831],[30.19737,59.86839],[30.19767,59.86839],[30.19815,59.86852],[30.19862,59.8686],[30.19909,59.86871],[30.19938,59.86884],[30.19962,59.86892],[30.19987,59.86898],[30.20007,59.86902],[30.20026,59.86902],[30.20046,59.86903],[30.20059,59.86901],[30.20068,59.86895],[30.20086,59.8688],[30.20106,59.8687],[30.2014,59.86861],[30.20182,59.86853],[30.20228,59.86847],[30.20275,59.86841],[30.20316,59.86831],[30.20345,59.8682],[30.20362,59.86809],[30.20376,59.86796],[30.20392,59.86782],[30.20411,59.86765],[30.20435,59.86749],[30.20458,59.86737],[30.205,59.8672],[30.20543,59.86708],[30.20592,59.86695],[30.20632,59.86684],[30.20672,59.86675],[30.20695,59.86669],[30.20709,59.86662],[30.20721,59.86657],[30.20785,59.86637],[30.20863,59.86613],[30.20908,59.866],[30.20936,59.86592],[30.20959,59.86586],[30.20977,59.86581],[30.20988,59.86577],[30.21016,59.86568],[30.21039,59.86562],[30.21089,59.86551],[30.21107,59.86549],[30.21139,59.86545],[30.21184,59.86538],[30.21228,59.86531],[30.21258,59.86526],[30.21286,59.86524],[30.21318,59.8652],[30.2134,59.86516],[30.21354,59.86512],[30.21385,59.86503],[30.21415,59.86495],[30.21476,59.86483],[30.21516,59.86476],[30.2155,59.86475],[30.21588,59.86478],[30.21624,59.86478],[30.21653,59.86476],[30.2171,59.86466],[30.21789,59.86452],[30.21818,59.86448],[30.21863,59.86456],[30.22008,59.86437],[30.22097,59.86429],[30.22128,59.86431],[30.2231,59.86424],[30.22394,59.86425],[30.22452,59.86428],[30.22474,59.86424],[30.22588,59.8642],[30.22617,59.86423],[30.22731,59.8642],[30.228,59.86413],[30.229,59.86413],[30.2293,59.86405],[30.23117,59.86407],[30.23295,59.86402],[30.23379,59.86406],[30.23546,59.86402],[30.23732,59.86398],[30.2392,59.86393],[30.22867,59.85674],[30.22148,59.85185],[30.21661,59.84852],[30.21234,59.84561],[30.21017,59.84422],[30.20801,59.84276],[30.20613,59.84148],[30.20489,59.84061],[30.20392,59.83988],[30.20172,59.83826],[30.19953,59.83667],[30.19891,59.83621],[30.19725,59.83494],[30.19661,59.83445],[30.19489,59.83321],[30.19426,59.83276],[30.19343,59.83215],[30.19244,59.83134],[30.19163,59.83057],[30.18996,59.82881],[30.18945,59.82829],[30.18921,59.82807],[30.18901,59.82786],[30.18885,59.8277],[30.18857,59.82741],[30.18727,59.82607],[30.18689,59.82569],[30.18495,59.82396],[30.18368,59.82285],[30.18572,59.82293],[30.18821,59.8228],[30.19206,59.82271],[30.19772,59.82257],[30.20277,59.82275],[30.20953,59.82331],[30.21609,59.82392],[30.21856,59.82412],[30.222,59.82441],[30.22723,59.82514],[30.23154,59.82598],[30.23751,59.82745],[30.24805,59.83005],[30.25434,59.83155],[30.25604,59.83196],[30.26296,59.83357],[30.26819,59.83485],[30.26855,59.83494],[30.26467,59.83272],[30.2488,59.82344],[30.24751,59.82267],[30.24457,59.81914],[30.23999,59.81303],[30.23921,59.81306],[30.23916,59.81305],[30.23848,59.81295],[30.23718,59.81276],[30.2356,59.81285],[30.22752,59.8133],[30.22734,59.81328],[30.22653,59.81308],[30.2249,59.81245],[30.22422,59.81219],[30.22385,59.80881],[30.22271,59.80882],[30.22255,59.80878],[30.22235,59.80858],[30.2206,59.80513],[30.22077,59.80498],[30.22055,59.8049],[30.22047,59.80487],[30.22027,59.8048],[30.22036,59.80474],[30.21934,59.80263],[30.21723,59.8023],[30.21756,59.80173],[30.2176,59.80163],[30.21749,59.80158],[30.21726,59.80154],[30.21661,59.80155],[30.21478,59.80189],[30.21403,59.80195],[30.21057,59.80218],[30.20014,59.8037],[30.19972,59.80293],[30.19943,59.80241],[30.19908,59.80178],[30.19877,59.80161],[30.19885,59.8015],[30.19914,59.80148],[30.19944,59.80137],[30.19991,59.80133],[30.2,59.80125],[30.20009,59.8009],[30.20025,59.80018],[30.20022,59.80004],[30.20014,59.79981],[30.20023,59.79964],[30.20097,59.79946],[30.20422,59.79889],[30.2083,59.79819],[30.21047,59.79779],[30.21092,59.79766],[30.21132,59.79769],[30.21139,59.79754],[30.21089,59.79738],[30.21047,59.79748],[30.2101,59.79748],[30.20916,59.79731],[30.20793,59.79702],[30.20649,59.79673],[30.20518,59.7965],[30.20431,59.79619],[30.2037,59.7961],[30.20123,59.79549],[30.19921,59.79489],[30.19881,59.79476],[30.19808,59.79456],[30.19696,59.79419],[30.19543,59.79373],[30.19401,59.79324],[30.1927,59.79279],[30.19234,59.79273],[30.19093,59.79225],[30.18984,59.79187],[30.18892,59.79148],[30.18839,59.7914],[30.18782,59.79133],[30.18541,59.79113],[30.18451,59.79103],[30.1835,59.79097],[30.18275,59.79096],[30.18206,59.79107],[30.18136,59.79113],[30.18075,59.79104],[30.17992,59.79089],[30.17962,59.79078],[30.17936,59.79087],[30.17907,59.79098],[30.17753,59.79152],[30.17982,59.79349],[30.17656,59.79605],[30.15932,59.80117],[30.15643,59.79893],[30.15578,59.79916],[30.14993,59.80093],[30.12951,59.7825],[30.12976,59.78247],[30.13326,59.782],[30.13783,59.78601],[30.13995,59.78537],[30.14393,59.78872],[30.14651,59.79082],[30.14657,59.79087],[30.14989,59.79355],[30.15134,59.79472],[30.15402,59.79688],[30.15543,59.79678],[30.15704,59.79685],[30.15898,59.79688],[30.16019,59.79688],[30.16112,59.79674],[30.16206,59.79654],[30.16281,59.79627],[30.16009,59.79362],[30.16003,59.79357],[30.15973,59.79329],[30.15885,59.79257],[30.15941,59.79238],[30.15936,59.7923],[30.15933,59.7922],[30.15931,59.79204],[30.15933,59.79182],[30.15932,59.79175],[30.15938,59.79164],[30.15942,59.79146],[30.15941,59.79124],[30.15939,59.79104],[30.15936,59.79093],[30.15929,59.79082],[30.15915,59.7907],[30.15899,59.79057],[30.15886,59.79044],[30.15877,59.7903],[30.15871,59.79009],[30.15868,59.78997],[30.15871,59.78984],[30.15884,59.78965],[30.15888,59.78953],[30.15891,59.78934],[30.15896,59.78898],[30.15898,59.7885],[30.15899,59.78832],[30.15899,59.78819],[30.15901,59.78812],[30.15901,59.78804],[30.1589,59.78798],[30.15871,59.78785],[30.15857,59.78778],[30.15839,59.78767],[30.1581,59.78752],[30.158,59.78743],[30.15771,59.7874],[30.15738,59.78736],[30.15668,59.78724],[30.15629,59.78716],[30.15485,59.78693],[30.15471,59.78687],[30.15447,59.78673],[30.15424,59.78664],[30.15408,59.78657],[30.15404,59.78622],[30.15557,59.78585],[30.15532,59.78489],[30.1551,59.78488],[30.15307,59.78329],[30.14993,59.78053],[30.14743,59.77798],[30.14863,59.77766],[30.14834,59.77734],[30.14851,59.77729],[30.14618,59.77476],[30.14627,59.77474],[30.14599,59.77438],[30.15278,59.77175],[30.14378,59.76317],[30.14302,59.76244],[30.14169,59.76117],[30.12216,59.76204],[30.12017,59.76209],[30.11663,59.76218],[30.11666,59.76184],[30.11799,59.76178],[30.118,59.76162],[30.11814,59.76013],[30.11701,59.75719],[30.11762,59.75415],[30.11926,59.74887],[30.11991,59.74736],[30.11952,59.74582],[30.11586,59.7414],[30.11492,59.74125],[30.11102,59.73872],[30.10961,59.73871],[30.10869,59.73782],[30.10971,59.73763],[30.10962,59.73718],[30.10931,59.73689],[30.10898,59.7364],[30.11037,59.73607],[30.11198,59.73563],[30.11095,59.7342],[30.1108,59.73421],[30.10863,59.73103],[30.10863,59.73101],[30.10639,59.73056],[30.10599,59.73046],[30.10572,59.73034],[30.10546,59.73015],[30.10497,59.72953],[30.10481,59.72926],[30.10489,59.72925],[30.10602,59.72913],[30.10657,59.72899],[30.10656,59.72732],[30.10639,59.72711],[30.10666,59.72618],[30.10651,59.72619],[30.10683,59.72537],[30.10703,59.72455],[30.108,59.72457],[30.10872,59.72398],[30.10966,59.72366],[30.10995,59.72365],[30.11107,59.71669],[30.11405,59.71374],[30.11326,59.71349],[30.11503,59.71183],[30.11652,59.71063],[30.117,59.71026],[30.11841,59.70934],[30.11918,59.70885],[30.12014,59.70821],[30.1207,59.70785],[30.12094,59.70788],[30.12161,59.70795],[30.12133,59.70846],[30.12208,59.70869],[30.122,59.7088],[30.12264,59.70896],[30.12307,59.70828],[30.1235,59.70826],[30.12361,59.70691],[30.12423,59.70681],[30.12522,59.70675],[30.12537,59.70694],[30.12988,59.70692],[30.12999,59.70688],[30.13003,59.70659],[30.13131,59.70665],[30.13129,59.7069],[30.13233,59.7068],[30.13261,59.7067],[30.13277,59.70609],[30.13274,59.70584],[30.13302,59.70556],[30.13308,59.70531],[30.13751,59.7004],[30.13683,59.70032],[30.13592,59.70032],[30.1354,59.70037],[30.13552,59.70005],[30.13596,59.69953],[30.13632,59.69905],[30.13636,59.69881],[30.13632,59.69822],[30.13634,59.69771],[30.13623,59.69717],[30.13613,59.69684],[30.13602,59.69657],[30.1359,59.69639],[30.1357,59.69625],[30.13517,59.69593],[30.13429,59.69516],[30.13374,59.69476],[30.13317,59.69447],[30.13263,59.69422],[30.13223,59.69405],[30.13178,59.6939],[30.13105,59.69369],[30.13063,59.69359],[30.12979,59.6942],[30.12434,59.69228],[30.12327,59.69213],[30.12272,59.69207],[30.12227,59.69207],[30.1222,59.69204],[30.12157,59.69202],[30.12109,59.6921],[30.12031,59.69211],[30.11993,59.69215],[30.11977,59.69227],[30.1199,59.69244],[30.11998,59.69268],[30.11988,59.69309],[30.11972,59.69356],[30.11913,59.69355],[30.11696,59.69344],[30.11705,59.69359],[30.11718,59.69378],[30.11737,59.69399],[30.11776,59.6943],[30.11779,59.69436],[30.11713,59.69441],[30.11651,59.69439],[30.11275,59.69407],[30.1126,59.695],[30.1142,59.69507],[30.11398,59.69552],[30.11415,59.69637],[30.11436,59.69705],[30.11405,59.69713],[30.11362,59.69725],[30.115,59.69814],[30.11606,59.69912],[30.11575,59.69918],[30.11425,59.69943],[30.11384,59.69944],[30.11366,59.69945],[30.11343,59.69926],[30.11343,59.6992],[30.11328,59.69909],[30.11297,59.69898],[30.11282,59.69904],[30.11242,59.69912],[30.11184,59.69919],[30.11152,59.69925],[30.11128,59.69926],[30.11103,59.69926],[30.11082,59.69933],[30.11068,59.69944],[30.11039,59.69959],[30.11022,59.6996],[30.11021,59.69975],[30.11009,59.69991],[30.1098,59.70001],[30.10968,59.70016],[30.1097,59.70034],[30.1095,59.70049],[30.10923,59.70054],[30.10918,59.70058],[30.10902,59.70061],[30.10833,59.7005],[30.10741,59.69972],[30.10714,59.69969],[30.10686,59.69956],[30.1068,59.69923],[30.10568,59.69931],[30.1023,59.6993],[30.10104,59.69921],[30.1009,59.6992],[30.08504,59.71094],[30.08306,59.71315],[30.08262,59.71368],[30.08211,59.71435],[30.08113,59.71577],[30.08068,59.71573],[30.07861,59.71602],[30.07824,59.71634],[30.0744,59.71607],[30.07373,59.71642],[30.07171,59.71668],[30.05555,59.71308],[30.05137,59.71612],[30.05048,59.71699],[30.05002,59.71732],[30.04104,59.71522],[30.0404,59.7155],[30.03496,59.71785],[30.03842,59.7207],[30.04578,59.71958],[30.0476,59.72449],[30.04737,59.72536],[30.05026,59.7282],[30.05005,59.73],[30.05092,59.73004],[30.05133,59.73034],[30.05358,59.73188],[30.05346,59.73193],[30.05369,59.73209],[30.05381,59.73204],[30.0553,59.73307],[30.05489,59.73326],[30.05581,59.73377],[30.05612,59.73396],[30.05509,59.73518],[30.06173,59.74087],[30.06465,59.7423],[30.06556,59.74274],[30.07614,59.74792],[30.07088,59.74974],[30.06399,59.74989],[30.06284,59.75106],[30.06248,59.75213],[30.06826,59.75273],[30.06653,59.75527],[30.07199,59.75527],[30.07187,59.75599],[30.07186,59.75603],[30.0703,59.756],[30.06987,59.75685],[30.06197,59.75701],[30.06201,59.75769],[30.06033,59.76207],[30.05792,59.76186],[30.05636,59.76172],[30.05596,59.76328],[30.04382,59.76239],[30.04334,59.76418],[30.04535,59.76553],[30.0456,59.76554]]],[[[30.06506,59.6683],[30.07331,59.66737],[30.08271,59.67608],[30.08395,59.68029],[30.07283,59.67975],[30.06517,59.67798],[30.06533,59.67638],[30.06506,59.6683]]]]}},{"type":"Feature","properties":{"osm_id":1115366,"name":"Курортный район"},"geometry":{"type":"MultiPolygon","coordinates":[[[[29.4389,60.17643],[29.43959,60.17672],[29.44101,60.17734],[29.44272,60.17808],[29.4444,60.17871],[29.44511,60.17898],[29.44724,60.17956],[29.44738,60.17959],[29.44911,60.18002],[29.44932,60.17999],[29.45309,60.1807],[29.45415,60.18083],[29.455,60.18093],[29.457,60.18108],[29.45728,60.18109],[29.46317,60.18123],[29.46348,60.18135],[29.46676,60.18138],[29.46916,60.18154],[29.46832,60.1834],[29.46996,60.18361],[29.46865,60.18524],[29.46002,60.18374],[29.45898,60.18484],[29.45666,60.18497],[29.45446,60.18493],[29.45117,60.18586],[29.45094,60.18699],[29.45039,60.1874],[29.44986,60.18804],[29.44956,60.18859],[29.44864,60.18874],[29.44772,60.18898],[29.42981,60.18954],[29.45195,60.20537],[29.45554,60.20755],[29.4814,60.2206],[29.4822,60.22101],[29.48917,60.22439],[29.48963,60.22427],[29.48987,60.22435],[29.49003,60.22453],[29.48993,60.22501],[29.49007,60.22508],[29.4903,60.22509],[29.49052,60.22495],[29.49062,60.22443],[29.49147,60.22429],[29.49165,60.22413],[29.49177,60.22413],[29.49176,60.22384],[29.49169,60.22358],[29.49262,60.22321],[29.4927,60.22291],[29.49255,60.22271],[29.49266,60.22259],[29.49326,60.22255],[29.49391,60.22241],[29.49409,60.22219],[29.49417,60.22187],[29.49445,60.22181],[29.4946,60.22188],[29.49477,60.222],[29.49513,60.22203],[29.49613,60.22178],[29.4965,60.22162],[29.49664,60.22141],[29.49708,60.22124],[29.49967,60.22255],[29.5058,60.22574],[29.51185,60.22791],[29.51404,60.22915],[29.52115,60.23329],[29.52278,60.23027],[29.52285,60.22844],[29.52153,60.22584],[29.52124,60.22572],[29.57927,60.21981],[29.57984,60.22014],[29.58043,60.22045],[29.58116,60.22078],[29.58242,60.2213],[29.58359,60.2217],[29.58384,60.22177],[29.58447,60.22193],[29.58448,60.22193],[29.58475,60.222],[29.58549,60.2229],[29.58606,60.22343],[29.58692,60.2245],[29.58782,60.226],[29.58834,60.22667],[29.58839,60.22679],[29.58854,60.22711],[29.58919,60.22761],[29.59213,60.22883],[29.59316,60.22912],[29.59476,60.22921],[29.59591,60.22911],[29.59652,60.229],[29.59742,60.22896],[29.59797,60.22909],[29.59827,60.22919],[29.59839,60.2297],[29.59892,60.23023],[29.59933,60.231],[29.5999,60.23203],[29.60038,60.23237],[29.60028,60.23348],[29.60053,60.23412],[29.60059,60.23418],[29.60061,60.23421],[29.60069,60.23432],[29.60085,60.2344],[29.60122,60.23423],[29.60267,60.23379],[29.60772,60.23103],[29.61113,60.23214],[29.61317,60.23309],[29.61527,60.23384],[29.61989,60.23442],[29.62133,60.23716],[29.62363,60.23746],[29.62482,60.23622],[29.63132,60.23445],[29.63563,60.23337],[29.64008,60.23631],[29.64143,60.23709],[29.64296,60.23698],[29.64338,60.23709],[29.6437,60.23741],[29.64349,60.2375],[29.64171,60.23812],[29.63985,60.23902],[29.64054,60.23944],[29.64213,60.2407],[29.64343,60.24176],[29.64396,60.24219],[29.64802,60.24148],[29.65348,60.24101],[29.657,60.24048],[29.66321,60.23933],[29.66908,60.23793],[29.6739,60.23705],[29.67571,60.23697],[29.67641,60.23694],[29.67756,60.23692],[29.67779,60.23694],[29.67814,60.23704],[29.67841,60.23716],[29.67868,60.2373],[29.67884,60.23746],[29.67892,60.2376],[29.67904,60.2377],[29.67915,60.23775],[29.67933,60.23778],[29.67947,60.23777],[29.68,60.23773],[29.6802,60.23802],[29.68026,60.23811],[29.68084,60.23825],[29.68186,60.23936],[29.68243,60.23998],[29.68317,60.24047],[29.69265,60.24009],[29.69434,60.24002],[29.69515,60.23999],[29.69586,60.24071],[29.6999,60.24484],[29.70266,60.24457],[29.70273,60.2443],[29.70651,60.24394],[29.70655,60.24264],[29.70787,60.24156],[29.7083,60.24121],[29.70833,60.23981],[29.70683,60.23919],[29.706,60.23899],[29.70587,60.23884],[29.70555,60.23847],[29.70303,60.23719],[29.70123,60.23717],[29.69947,60.2363],[29.69758,60.23664],[29.69667,60.23593],[29.69525,60.23474],[29.69776,60.23488],[29.69866,60.23405],[29.69987,60.23318],[29.70089,60.23238],[29.70529,60.23038],[29.70504,60.22979],[29.70847,60.22807],[29.71185,60.22682],[29.7199,60.22592],[29.71998,60.22744],[29.72046,60.2283],[29.71797,60.2297],[29.7155,60.23077],[29.71504,60.23203],[29.71415,60.23261],[29.7175,60.23393],[29.71641,60.23477],[29.71751,60.23524],[29.71504,60.23623],[29.71412,60.23652],[29.71402,60.23675],[29.71412,60.23738],[29.71338,60.23854],[29.71276,60.23954],[29.7097,60.2398],[29.71186,60.24078],[29.71339,60.24147],[29.71486,60.24163],[29.71939,60.2414],[29.72161,60.24171],[29.7247,60.24092],[29.72595,60.24039],[29.7296,60.23979],[29.73463,60.23968],[29.74564,60.24196],[29.74784,60.24209],[29.75405,60.24246],[29.75802,60.2427],[29.75904,60.23939],[29.75916,60.239],[29.75923,60.23877],[29.7596,60.23759],[29.75979,60.23699],[29.77106,60.23305],[29.77074,60.23108],[29.77046,60.23069],[29.77042,60.23066],[29.77058,60.23036],[29.77079,60.23017],[29.77115,60.22987],[29.77161,60.22948],[29.7726,60.22878],[29.77344,60.22832],[29.77425,60.22768],[29.77497,60.22739],[29.77549,60.22706],[29.77602,60.2265],[29.77684,60.22607],[29.77774,60.22575],[29.77874,60.22547],[29.77974,60.22518],[29.77984,60.22517],[29.78046,60.22499],[29.78135,60.22493],[29.78265,60.22485],[29.78331,60.22466],[29.78348,60.22452],[29.7837,60.22433],[29.78497,60.22323],[29.78506,60.22293],[29.78505,60.22256],[29.78521,60.2223],[29.78568,60.22208],[29.78625,60.222],[29.78651,60.222],[29.7885,60.22198],[29.78978,60.2221],[29.79079,60.2222],[29.79105,60.22224],[29.79214,60.22243],[29.79295,60.22254],[29.79377,60.22251],[29.79448,60.2224],[29.79567,60.22194],[29.79666,60.22181],[29.79784,60.22144],[29.79895,60.22137],[29.80008,60.22138],[29.80029,60.22137],[29.80057,60.22138],[29.80188,60.22125],[29.84912,60.19729],[29.85259,60.19637],[29.85475,60.19595],[29.86553,60.19533],[29.86635,60.1954],[29.87123,60.19397],[29.87159,60.19368],[29.88461,60.19526],[29.89267,60.19509],[29.89409,60.19228],[29.89413,60.19221],[29.89263,60.18909],[29.90531,60.18663],[29.90547,60.18583],[29.90914,60.18509],[29.90927,60.18507],[29.92386,60.18241],[29.92569,60.18193],[29.9269,60.18331],[29.92753,60.18318],[29.93236,60.18219],[29.93399,60.18159],[29.93662,60.18196],[29.94182,60.17956],[29.94802,60.17835],[29.95123,60.17706],[29.95137,60.177],[29.95155,60.17684],[29.95222,60.1768],[29.95314,60.1768],[29.95366,60.17701],[29.95411,60.17697],[29.95438,60.17687],[29.95485,60.1769],[29.95494,60.17672],[29.95507,60.17644],[29.95539,60.17606],[29.95536,60.17594],[29.95517,60.17586],[29.95502,60.17589],[29.95491,60.17596],[29.9546,60.17596],[29.95456,60.17585],[29.95552,60.17549],[29.95593,60.17543],[29.95616,60.17548],[29.95618,60.17557],[29.95584,60.17594],[29.9559,60.17608],[29.95631,60.176],[29.95664,60.1758],[29.95673,60.17539],[29.95695,60.17525],[29.9573,60.17523],[29.95803,60.17518],[29.9588,60.17535],[29.95915,60.17548],[29.95925,60.17564],[29.95933,60.17596],[29.95923,60.17607],[29.95881,60.17608],[29.95846,60.17616],[29.95833,60.17623],[29.95827,60.1764],[29.9585,60.17651],[29.95915,60.17648],[29.9599,60.17641],[29.96095,60.17649],[29.96138,60.17664],[29.96171,60.17675],[29.96197,60.1768],[29.96224,60.17679],[29.96249,60.17673],[29.96265,60.17655],[29.96334,60.17625],[29.96362,60.17626],[29.96391,60.17627],[29.96416,60.17624],[29.96436,60.17618],[29.96439,60.17602],[29.96456,60.1757],[29.96442,60.17556],[29.96422,60.17534],[29.96428,60.17526],[29.96446,60.17522],[29.96569,60.17578],[29.96594,60.17576],[29.96604,60.17566],[29.96594,60.17513],[29.96635,60.17478],[29.96645,60.17455],[29.96672,60.17451],[29.96723,60.17468],[29.96769,60.17488],[29.96803,60.1749],[29.96841,60.17471],[29.96856,60.17447],[29.96882,60.17445],[29.96912,60.17453],[29.96933,60.17451],[29.9699,60.17406],[29.96988,60.17393],[29.96928,60.17373],[29.96917,60.17359],[29.96934,60.17348],[29.96958,60.17345],[29.96988,60.17364],[29.97019,60.17367],[29.97053,60.17359],[29.97154,60.17345],[29.97177,60.17347],[29.9718,60.17361],[29.97193,60.17379],[29.97234,60.17388],[29.97282,60.17374],[29.97307,60.17359],[29.97299,60.1734],[29.97266,60.17329],[29.97253,60.17313],[29.97269,60.17292],[29.97325,60.17298],[29.97375,60.17353],[29.97405,60.17376],[29.97435,60.17379],[29.97451,60.17372],[29.97435,60.17348],[29.97441,60.17334],[29.97471,60.17323],[29.97566,60.17314],[29.97597,60.17304],[29.97598,60.17291],[29.97568,60.1728],[29.97547,60.17268],[29.97526,60.17236],[29.97522,60.1722],[29.97541,60.1721],[29.97612,60.17218],[29.97718,60.17185],[29.97766,60.17182],[29.97807,60.17196],[29.97903,60.17227],[29.98015,60.17231],[29.98036,60.17232],[29.98047,60.17243],[29.98033,60.17256],[29.98029,60.17272],[29.98053,60.17274],[29.98072,60.17262],[29.98084,60.17255],[29.98096,60.17245],[29.98111,60.17209],[29.98112,60.17197],[29.98142,60.17171],[29.9814,60.17148],[29.98089,60.17131],[29.98087,60.17123],[29.98114,60.17114],[29.98149,60.17118],[29.98197,60.17138],[29.98224,60.17153],[29.98245,60.17151],[29.98258,60.17143],[29.98248,60.17112],[29.98219,60.17083],[29.98186,60.17062],[29.98147,60.17045],[29.98132,60.17029],[29.98143,60.17017],[29.98165,60.17009],[29.9818,60.17003],[29.98201,60.17003],[29.98246,60.17003],[29.98266,60.17003],[29.98278,60.16991],[29.98299,60.16951],[29.98342,60.16945],[29.98376,60.16962],[29.98378,60.16983],[29.98357,60.17003],[29.98364,60.17015],[29.98375,60.17025],[29.98392,60.17026],[29.98403,60.17021],[29.98408,60.17013],[29.98429,60.17001],[29.98462,60.16965],[29.9848,60.1695],[29.98483,60.16919],[29.98444,60.16895],[29.9845,60.16857],[29.98444,60.16844],[29.98425,60.16834],[29.98401,60.16829],[29.98385,60.1683],[29.98386,60.16851],[29.98362,60.1687],[29.98298,60.16866],[29.98256,60.16835],[29.9823,60.16785],[29.98217,60.1675],[29.9822,60.16735],[29.98239,60.16729],[29.9833,60.16741],[29.98361,60.16756],[29.98385,60.16775],[29.98406,60.1678],[29.98442,60.16778],[29.98477,60.1676],[29.98511,60.16747],[29.98548,60.16749],[29.98566,60.16802],[29.98596,60.16832],[29.9863,60.16835],[29.98661,60.16829],[29.98684,60.16822],[29.98688,60.16806],[29.98651,60.16785],[29.98624,60.16756],[29.98625,60.16748],[29.98589,60.1673],[29.98534,60.16714],[29.985,60.16701],[29.98494,60.1668],[29.98508,60.16661],[29.98578,60.16642],[29.9862,60.16636],[29.98658,60.16643],[29.98695,60.16654],[29.98712,60.16669],[29.98743,60.16667],[29.98747,60.16654],[29.9874,60.16638],[29.98673,60.16609],[29.98629,60.16587],[29.98626,60.16569],[29.98642,60.16566],[29.98683,60.16562],[29.98756,60.16551],[29.98802,60.16541],[29.98816,60.16516],[29.98815,60.16489],[29.98889,60.16453],[29.98937,60.16437],[29.98997,60.16428],[29.99017,60.16413],[29.99005,60.164],[29.98972,60.16387],[29.98966,60.16379],[29.98975,60.1637],[29.99008,60.16363],[29.99066,60.16368],[29.991,60.16377],[29.99164,60.16361],[29.99225,60.1636],[29.9925,60.16346],[29.99217,60.16321],[29.99212,60.16305],[29.99271,60.16299],[29.9932,60.16307],[29.99376,60.16323],[29.99438,60.1633],[29.99468,60.16328],[29.99495,60.16322],[29.9951,60.16312],[29.99504,60.16295],[29.99482,60.16274],[29.99485,60.16251],[29.99501,60.16243],[29.99545,60.16244],[29.99583,60.16239],[29.99633,60.16239],[29.9968,60.16235],[29.99788,60.16208],[29.9981,60.16197],[29.99825,60.16175],[29.99831,60.1615],[29.9986,60.16131],[29.99899,60.1612],[29.99934,60.16121],[29.99949,60.16128],[29.99951,60.16137],[29.99914,60.16173],[29.99915,60.16185],[29.99932,60.16198],[29.99949,60.162],[29.9997,60.16198],[30.00035,60.16158],[30.00056,60.16141],[30.00073,60.16134],[30.00092,60.16139],[30.00115,60.16155],[30.00121,60.16174],[30.00131,60.16184],[30.00146,60.16186],[30.00291,60.16568],[30.00361,60.16556],[30.00683,60.16501],[30.00732,60.165],[30.00871,60.16431],[30.00734,60.16252],[30.01013,60.15955],[30.01193,60.15877],[30.01242,60.15647],[30.01559,60.15523],[30.01865,60.1544],[30.02111,60.15222],[30.0211,60.15172],[30.02062,60.15101],[30.01802,60.14429],[30.05955,60.13602],[30.06789,60.13587],[30.10396,60.13532],[30.13189,60.13489],[30.14739,60.13437],[30.15406,60.13206],[30.16077,60.12971],[30.16093,60.12973],[30.1612,60.12971],[30.16139,60.12967],[30.16153,60.12966],[30.16161,60.12971],[30.16161,60.1298],[30.16169,60.12982],[30.16181,60.12979],[30.16195,60.12973],[30.16204,60.12967],[30.16214,60.12967],[30.16223,60.12973],[30.1623,60.12983],[30.16246,60.1299],[30.16274,60.12991],[30.16296,60.12988],[30.16315,60.12985],[30.16343,60.12987],[30.16364,60.1299],[30.16377,60.12996],[30.16395,60.13001],[30.16397,60.13012],[30.16412,60.13014],[30.16445,60.13007],[30.16461,60.13004],[30.16461,60.13005],[30.16572,60.13052],[30.16615,60.13073],[30.16694,60.13114],[30.16607,60.13156],[30.16599,60.1316],[30.16625,60.13182],[30.16686,60.13221],[30.16735,60.1321],[30.16908,60.1327],[30.16924,60.13255],[30.16938,60.13243],[30.1695,60.13231],[30.16948,60.13207],[30.17161,60.13298],[30.1715,60.13381],[30.17149,60.13387],[30.17286,60.13507],[30.17433,60.13632],[30.17579,60.136],[30.17584,60.13604],[30.17588,60.13607],[30.17594,60.13613],[30.17656,60.13589],[30.17629,60.13564],[30.17599,60.13507],[30.17578,60.13463],[30.17513,60.13428],[30.17515,60.13426],[30.17493,60.13421],[30.17488,60.13427],[30.17486,60.13431],[30.17373,60.13462],[30.17373,60.1346],[30.17368,60.13455],[30.17359,60.1345],[30.17346,60.13438],[30.1731,60.13397],[30.17273,60.13344],[30.17279,60.13292],[30.1729,60.13169],[30.173,60.13162],[30.17309,60.13157],[30.17308,60.1315],[30.17306,60.13146],[30.17298,60.13146],[30.17309,60.13029],[30.17254,60.12992],[30.17202,60.12926],[30.17159,60.12877],[30.17188,60.12879],[30.17193,60.12879],[30.1722,60.12888],[30.17261,60.12879],[30.17283,60.12885],[30.17307,60.12884],[30.17319,60.12886],[30.17331,60.12893],[30.17381,60.12908],[30.17409,60.12916],[30.17456,60.12932],[30.1747,60.12936],[30.17483,60.12938],[30.17498,60.12939],[30.17506,60.12939],[30.1751,60.12937],[30.17515,60.12927],[30.17522,60.12924],[30.1753,60.12923],[30.17541,60.12924],[30.17554,60.12927],[30.17563,60.12928],[30.17586,60.12925],[30.17603,60.12923],[30.17614,60.12922],[30.17626,60.12925],[30.17635,60.12929],[30.17644,60.12931],[30.17665,60.12932],[30.1769,60.12934],[30.17711,60.12935],[30.1776,60.12933],[30.17779,60.12934],[30.17791,60.12936],[30.17824,60.12935],[30.1784,60.12936],[30.17858,60.12936],[30.17885,60.12933],[30.17904,60.12934],[30.17925,60.12938],[30.17975,60.12935],[30.1801,60.12934],[30.18016,60.12935],[30.18031,60.1294],[30.18041,60.1294],[30.18063,60.12937],[30.18084,60.12939],[30.18107,60.12939],[30.18124,60.1294],[30.18147,60.12942],[30.18195,60.12942],[30.18252,60.12942],[30.1827,60.12942],[30.18332,60.12941],[30.1834,60.12888],[30.18356,60.12742],[30.19326,60.12777],[30.19474,60.12154],[30.19206,60.12048],[30.19151,60.12023],[30.191,60.11997],[30.1904,60.11952],[30.18993,60.1191],[30.18962,60.11868],[30.1895,60.11844],[30.18943,60.11823],[30.18961,60.11823],[30.19467,60.11819],[30.19534,60.1178],[30.19531,60.11728],[30.19387,60.1173],[30.18959,60.11739],[30.1896,60.11735],[30.18948,60.11735],[30.18919,60.11736],[30.18883,60.11737],[30.1887,60.11737],[30.18833,60.11738],[30.18776,60.1174],[30.18747,60.11741],[30.18735,60.11741],[30.1873,60.11741],[30.18671,60.11744],[30.18625,60.11746],[30.18575,60.11749],[30.18524,60.11754],[30.18482,60.11758],[30.18443,60.11761],[30.18355,60.11772],[30.18296,60.1178],[30.18224,60.11791],[30.18157,60.11802],[30.18099,60.11814],[30.17916,60.11852],[30.17779,60.11881],[30.17696,60.11775],[30.17336,60.11324],[30.15253,60.11734],[30.13887,60.12004],[30.138,60.11898],[30.13825,60.11894],[30.13867,60.11853],[30.13834,60.11832],[30.13804,60.11781],[30.13796,60.11705],[30.13769,60.1168],[30.13769,60.11629],[30.13802,60.11515],[30.1378,60.11485],[30.13868,60.11434],[30.13373,60.11218],[30.12741,60.11449],[30.1251,60.11358],[30.12391,60.11424],[30.11959,60.11261],[30.11471,60.11401],[30.11433,60.11434],[30.11386,60.11452],[30.11359,60.11436],[30.11364,60.11419],[30.11318,60.11404],[30.11305,60.11377],[30.1128,60.11365],[30.11239,60.11354],[30.11197,60.11364],[30.11155,60.11364],[30.1113,60.11323],[30.11057,60.11315],[30.11057,60.11333],[30.11039,60.11343],[30.11006,60.11325],[30.10946,60.11328],[30.10949,60.11316],[30.1097,60.11302],[30.10959,60.11288],[30.10929,60.11286],[30.1087,60.11248],[30.10835,60.11262],[30.10816,60.11256],[30.10826,60.11243],[30.10805,60.11213],[30.10819,60.11195],[30.10812,60.11182],[30.10779,60.11172],[30.10774,60.11155],[30.10742,60.11139],[30.10748,60.11132],[30.10769,60.11132],[30.10785,60.11124],[30.10795,60.11103],[30.10808,60.11082],[30.10846,60.11066],[30.10859,60.11046],[30.10875,60.11032],[30.10872,60.11016],[30.10906,60.10987],[30.10898,60.1097],[30.10867,60.10953],[30.10873,60.10944],[30.10906,60.10938],[30.10901,60.10928],[30.10863,60.10921],[30.10849,60.10935],[30.10837,60.10926],[30.10831,60.10909],[30.10821,60.10893],[30.1084,60.10888],[30.1087,60.10903],[30.10891,60.10888],[30.10869,60.10876],[30.10836,60.10877],[30.10832,60.10869],[30.10867,60.10844],[30.10912,60.10847],[30.10957,60.10842],[30.10976,60.1083],[30.10974,60.10804],[30.10962,60.10799],[30.10939,60.10809],[30.10914,60.1081],[30.10924,60.10796],[30.10907,60.10788],[30.10918,60.10771],[30.10916,60.10757],[30.10902,60.10753],[30.10917,60.10744],[30.10903,60.10737],[30.10896,60.10727],[30.10903,60.10714],[30.10926,60.10713],[30.10952,60.10708],[30.10952,60.10701],[30.10963,60.10694],[30.1098,60.10691],[30.11001,60.10694],[30.11016,60.10695],[30.11031,60.10693],[30.11036,60.10689],[30.11023,60.10687],[30.11003,60.10684],[30.10984,60.10676],[30.1097,60.10676],[30.10922,60.10676],[30.10886,60.10671],[30.10707,60.10643],[30.10644,60.10629],[30.10609,60.10624],[30.10563,60.10627],[30.10526,60.10633],[30.10161,60.10639],[30.10068,60.10643],[30.10029,60.10649],[30.1001,60.10651],[30.09806,60.10701],[30.09746,60.10717],[30.0972,60.10707],[30.09707,60.10716],[30.09714,60.10737],[30.09683,60.10743],[30.09643,60.10737],[30.09614,60.10725],[30.09571,60.10717],[30.09531,60.10698],[30.09507,60.10679],[30.09468,60.10674],[30.09457,60.10685],[30.09421,60.10712],[30.09388,60.10717],[30.09328,60.10716],[30.0929,60.10727],[30.09302,60.10739],[30.09285,60.1076],[30.09244,60.10756],[30.09212,60.10756],[30.09188,60.10741],[30.09158,60.10739],[30.09136,60.10739],[30.0912,60.10745],[30.09106,60.10749],[30.09082,60.10744],[30.09042,60.10749],[30.09018,60.10755],[30.0901,60.10761],[30.09011,60.10767],[30.09016,60.10774],[30.09013,60.1078],[30.08991,60.10784],[30.0896,60.10788],[30.08945,60.10789],[30.08923,60.10789],[30.08899,60.10797],[30.08882,60.10801],[30.08867,60.10801],[30.08851,60.10792],[30.08836,60.1078],[30.08796,60.1076],[30.08512,60.10426],[30.07276,60.09727],[30.07078,60.09625],[30.07421,60.09397],[30.07689,60.09045],[30.08328,60.08815],[30.08719,60.08688],[30.08843,60.08658],[30.09454,60.08532],[30.1028,60.08085],[30.10423,60.07959],[30.1121,60.07267],[30.11602,60.07188],[30.11913,60.07001],[30.13322,60.07264],[30.13543,60.07061],[30.13692,60.06825],[30.13712,60.06792],[30.13814,60.06631],[30.13816,60.06595],[30.13798,60.06542],[30.13783,60.06537],[30.13736,60.06525],[30.13677,60.06501],[30.13633,60.06471],[30.13602,60.06437],[30.13592,60.06407],[30.13589,60.06331],[30.13617,60.06142],[30.13619,60.06061],[30.13602,60.06017],[30.13577,60.05994],[30.13526,60.05968],[30.12825,60.05786],[30.12628,60.05747],[30.12636,60.05734],[30.12642,60.05724],[30.12658,60.05699],[30.12623,60.05673],[30.12618,60.05632],[30.13563,60.05761],[30.13556,60.05733],[30.13523,60.05664],[30.13486,60.05616],[30.13451,60.05421],[30.13125,60.05112],[30.13413,60.04874],[30.13412,60.04863],[30.13411,60.04849],[30.13408,60.0484],[30.13405,60.04827],[30.13402,60.04814],[30.13389,60.04806],[30.13387,60.04803],[30.13382,60.04794],[30.13373,60.04781],[30.13358,60.04757],[30.13353,60.04741],[30.13362,60.04715],[30.13405,60.04684],[30.1347,60.0467],[30.13539,60.04661],[30.13571,60.04667],[30.13597,60.04663],[30.13616,60.04662],[30.1364,60.04651],[30.13643,60.04636],[30.13682,60.04627],[30.13716,60.04626],[30.13799,60.0463],[30.13852,60.04626],[30.1391,60.0463],[30.13938,60.04624],[30.13952,60.04614],[30.14002,60.04604],[30.14045,60.04589],[30.14089,60.04577],[30.14125,60.04569],[30.14182,60.04544],[30.1421,60.04515],[30.14211,60.04496],[30.14187,60.04466],[30.14148,60.04438],[30.14067,60.04399],[30.13986,60.04378],[30.13941,60.04357],[30.13907,60.04333],[30.13878,60.04296],[30.13839,60.04244],[30.13836,60.04212],[30.13817,60.04204],[30.13825,60.04194],[30.13836,60.04185],[30.13835,60.04169],[30.13845,60.04152],[30.13858,60.04136],[30.13861,60.04119],[30.13867,60.04115],[30.13888,60.041],[30.13896,60.0408],[30.13908,60.04058],[30.13945,60.04039],[30.14091,60.04002],[30.14113,60.03999],[30.14136,60.03987],[30.14151,60.03967],[30.14165,60.03928],[30.14235,60.03888],[30.14283,60.03859],[30.14305,60.03837],[30.14302,60.038],[30.14278,60.03766],[30.14256,60.03726],[30.14265,60.0371],[30.14325,60.03681],[30.14353,60.03673],[30.14386,60.03665],[30.14413,60.03652],[30.14425,60.03645],[30.14447,60.03618],[30.14469,60.03603],[30.14504,60.03598],[30.14588,60.03598],[30.14629,60.0359],[30.14619,60.03472],[30.14434,60.03464],[30.14316,60.03458],[30.13932,60.03442],[30.13471,60.03422],[30.12129,60.03364],[30.11994,60.03358],[30.0791,60.02717],[30.07998,60.01679],[30.08061,60.01649],[30.08034,60.01388],[30.08032,60.01352],[30.08009,60.00898],[30.08,60.00758],[30.07973,60.00528],[30.07963,60.00476],[30.07932,60.00421],[30.0789,60.00379],[30.07833,60.00341],[30.07762,60.00309],[30.07659,60.00277],[30.07544,60.00259],[30.07431,60.00253],[30.07315,60.00259],[30.07201,60.00269],[30.07193,60.0027],[30.07168,60.00264],[30.07055,60.00279],[30.07,60.00287],[30.0674,60.00325],[30.06567,60.00352],[30.06365,60.00382],[30.05953,60.00443],[30.05403,60.0049],[30.05143,60.00532],[30.04707,60.00606],[30.04596,60.00627],[30.04519,60.0064],[30.04436,60.00655],[30.04244,60.00691],[30.04248,60.00696],[30.04645,60.01082],[30.03192,60.0146],[30.0312,60.01478],[30.02826,60.01553],[30.02785,60.01564],[30.02591,60.01613],[30.02746,60.01768],[30.02537,60.01819],[30.02472,60.01835],[30.02218,60.01897],[30.02115,60.01802],[30.02079,60.0177],[30.02057,60.0175],[30.01144,60.0198],[30.01121,60.01986],[30.01075,60.01985],[30.01011,60.02106],[30.00994,60.02104],[30.00992,60.02108],[30.0098,60.02128],[30.00958,60.02168],[30.00945,60.02191],[30.0086,60.02279],[30.00667,60.02454],[30.00494,60.02564],[30.00438,60.02595],[30.00307,60.02657],[30.0013,60.02729],[29.99521,60.02966],[29.98903,60.03197],[29.98668,60.03289],[29.98523,60.03346],[29.98455,60.03364],[29.98169,60.03476],[29.98006,60.03566],[29.97855,60.03697],[29.97818,60.03739],[29.97804,60.0377],[29.97715,60.0403],[29.97697,60.04028],[29.97572,60.04348],[29.97556,60.04403],[29.97548,60.04402],[29.97548,60.04404],[29.97536,60.04403],[29.97518,60.04402],[29.97485,60.044],[29.97473,60.044],[29.97456,60.04398],[29.97266,60.04354],[29.97244,60.04351],[29.97231,60.04348],[29.97218,60.04341],[29.97186,60.04337],[29.97139,60.04338],[29.97092,60.04335],[29.97023,60.04352],[29.97005,60.04361],[29.96962,60.0439],[29.9691,60.04403],[29.96842,60.04394],[29.96835,60.04402],[29.968,60.04403],[29.96767,60.0442],[29.96745,60.04422],[29.96745,60.04411],[29.96736,60.04409],[29.9671,60.04422],[29.96684,60.04434],[29.96669,60.04439],[29.96674,60.04449],[29.96658,60.04455],[29.96658,60.04478],[29.96611,60.04474],[29.96576,60.04488],[29.96561,60.0449],[29.96549,60.04488],[29.96407,60.04442],[29.96411,60.04432],[29.96415,60.04423],[29.96419,60.04413],[29.96421,60.04403],[29.96423,60.04393],[29.96424,60.04383],[29.96425,60.04373],[29.96425,60.04363],[29.96424,60.04353],[29.96422,60.04343],[29.9642,60.04334],[29.96417,60.04323],[29.96413,60.04313],[29.96409,60.04304],[29.96404,60.04294],[29.96398,60.04285],[29.96392,60.04275],[29.96385,60.04266],[29.96377,60.04257],[29.96369,60.04248],[29.9636,60.04239],[29.96351,60.0423],[29.96327,60.04214],[29.96168,60.04132],[29.95417,60.03856],[29.95348,60.03876],[29.95196,60.03926],[29.95064,60.04002],[29.94938,60.0408],[29.94816,60.0416],[29.94701,60.04242],[29.94591,60.04325],[29.94487,60.04411],[29.94389,60.04499],[29.94297,60.04588],[29.94211,60.04678],[29.94132,60.0477],[29.94058,60.04864],[29.93945,60.04963],[29.93927,60.04965],[29.93909,60.0497],[29.93894,60.04976],[29.93882,60.04983],[29.93872,60.04991],[29.93866,60.05],[29.93863,60.05009],[29.93864,60.05019],[29.93868,60.05028],[29.93876,60.05037],[29.93887,60.05044],[29.939,60.05051],[29.93896,60.051],[29.9389,60.05144],[29.93828,60.05289],[29.93783,60.05433],[29.93753,60.05572],[29.93742,60.05671],[29.93737,60.05716],[29.93752,60.0601],[29.93783,60.06157],[29.93828,60.06297],[29.93904,60.06469],[29.93912,60.06478],[29.93921,60.06487],[29.93931,60.06495],[29.93943,60.06502],[29.93956,60.06509],[29.9397,60.06516],[29.93985,60.06521],[29.94002,60.06526],[29.94019,60.06531],[29.94037,60.06534],[29.94055,60.06537],[29.94074,60.06539],[29.94093,60.0654],[29.94112,60.06541],[29.94131,60.0654],[29.94156,60.0654],[29.94177,60.06539],[29.94199,60.06538],[29.9422,60.06537],[29.94241,60.06535],[29.94262,60.06533],[29.94282,60.06531],[29.94303,60.06528],[29.94329,60.06524],[29.94349,60.06521],[29.94368,60.06517],[29.94388,60.06513],[29.94407,60.06508],[29.94426,60.06503],[29.94445,60.06498],[29.94463,60.06492],[29.9448,60.06486],[29.95112,60.06269],[29.9516,60.06256],[29.95284,60.06227],[29.95422,60.06201],[29.95451,60.06198],[29.95479,60.06193],[29.95507,60.06188],[29.95534,60.06183],[29.95555,60.06179],[29.95581,60.06173],[29.95608,60.06166],[29.95634,60.06159],[29.95659,60.06152],[29.95684,60.06144],[29.95701,60.06138],[29.95731,60.06127],[29.95751,60.06119],[29.9577,60.06111],[29.95789,60.06102],[29.95807,60.06093],[29.95824,60.06084],[29.95841,60.06075],[29.95857,60.06065],[29.95872,60.06055],[29.95887,60.06044],[29.95901,60.06034],[29.95921,60.06019],[29.96066,60.05916],[29.96087,60.05902],[29.96231,60.05799],[29.96252,60.05784],[29.96318,60.05736],[29.96331,60.05728],[29.96319,60.05742],[29.96289,60.05762],[29.96228,60.05851],[29.96213,60.05884],[29.96168,60.05936],[29.96149,60.06018],[29.96079,60.06089],[29.95865,60.06231],[29.95736,60.06305],[29.95651,60.06336],[29.95445,60.06371],[29.95401,60.06372],[29.9533,60.0636],[29.95303,60.06363],[29.95259,60.06384],[29.95186,60.06427],[29.95096,60.06458],[29.95036,60.06505],[29.94939,60.06565],[29.94872,60.06588],[29.94807,60.06623],[29.9475,60.06628],[29.94678,60.06623],[29.94614,60.06645],[29.94546,60.06652],[29.94494,60.0667],[29.94385,60.06702],[29.94324,60.06736],[29.94237,60.06762],[29.94193,60.06757],[29.94129,60.06762],[29.94086,60.06784],[29.94042,60.06797],[29.93968,60.06789],[29.93913,60.06807],[29.93839,60.06815],[29.93787,60.06834],[29.93762,60.06845],[29.9372,60.06869],[29.93651,60.06895],[29.93643,60.06912],[29.93698,60.06932],[29.9377,60.06973],[29.93867,60.06978],[29.93949,60.06997],[29.94003,60.07003],[29.94226,60.07003],[29.9435,60.07048],[29.94381,60.07067],[29.94475,60.0705],[29.94546,60.07055],[29.94688,60.07057],[29.94804,60.07095],[29.94735,60.07145],[29.94702,60.07142],[29.94669,60.0714],[29.94636,60.07138],[29.94603,60.07137],[29.94569,60.07136],[29.94536,60.07136],[29.94503,60.07136],[29.94469,60.07137],[29.94436,60.07139],[29.94403,60.07141],[29.9437,60.07144],[29.94337,60.07148],[29.94305,60.07151],[29.94275,60.07156],[29.94243,60.07161],[29.94212,60.07166],[29.94181,60.07172],[29.9415,60.07179],[29.9412,60.07186],[29.9409,60.07194],[29.94061,60.07202],[29.94033,60.07211],[29.94005,60.0722],[29.93978,60.0723],[29.93951,60.0724],[29.93926,60.07251],[29.93901,60.07262],[29.93878,60.07273],[29.93839,60.07294],[29.93802,60.07315],[29.93764,60.07337],[29.93728,60.07359],[29.93692,60.07381],[29.93658,60.07404],[29.93624,60.07427],[29.9359,60.0745],[29.93558,60.07474],[29.93526,60.07498],[29.93496,60.07522],[29.93466,60.07546],[29.93437,60.07571],[29.93408,60.07596],[29.93381,60.07621],[29.93355,60.07646],[29.93329,60.07672],[29.93312,60.07689],[29.93288,60.07715],[29.93265,60.07741],[29.93243,60.07768],[29.93222,60.07794],[29.93202,60.07821],[29.93182,60.07848],[29.93164,60.07875],[29.93146,60.07902],[29.9313,60.0793],[29.93114,60.07957],[29.93099,60.07985],[29.93086,60.08013],[29.93073,60.0804],[29.93061,60.08068],[29.93051,60.08097],[29.93041,60.08125],[29.93032,60.08153],[29.93024,60.08181],[29.93017,60.0821],[29.93014,60.08228],[29.93039,60.08331],[29.93036,60.0834],[29.93039,60.08349],[29.93119,60.08397],[29.93055,60.08413],[29.93031,60.0842],[29.93005,60.08449],[29.93,60.08481],[29.93025,60.08524],[29.93032,60.08553],[29.9303,60.08591],[29.9306,60.08603],[29.93082,60.08608],[29.93104,60.08624],[29.93138,60.08623],[29.93151,60.08622],[29.93174,60.0865],[29.93184,60.08682],[29.93236,60.08695],[29.93234,60.08738],[29.93233,60.08761],[29.93028,60.08746],[29.92963,60.08734],[29.92834,60.08719],[29.92677,60.08721],[29.92523,60.08731],[29.92351,60.08746],[29.92259,60.08768],[29.92209,60.08799],[29.92191,60.08812],[29.92136,60.08825],[29.92032,60.08834],[29.92021,60.08845],[29.92003,60.0885],[29.91943,60.08863],[29.91923,60.08888],[29.91939,60.08938],[29.91986,60.08994],[29.92021,60.09019],[29.92215,60.09077],[29.92337,60.09107],[29.92428,60.0912],[29.92724,60.09153],[29.92976,60.09185],[29.93025,60.09197],[29.9319,60.0924],[29.93209,60.09242],[29.93216,60.09243],[29.93221,60.09244],[29.93262,60.09235],[29.93288,60.09238],[29.93326,60.09241],[29.93399,60.09261],[29.93477,60.09288],[29.93536,60.09302],[29.93574,60.09316],[29.93623,60.09334],[29.93664,60.09348],[29.9374,60.09382],[29.93812,60.09425],[29.93866,60.09462],[29.93913,60.09506],[29.93951,60.09537],[29.94003,60.09591],[29.94035,60.09623],[29.94084,60.09657],[29.94141,60.09696],[29.94144,60.09708],[29.94165,60.09728],[29.94193,60.09736],[29.94219,60.09761],[29.9422,60.0978],[29.94244,60.09797],[29.94258,60.09812],[29.94305,60.09843],[29.94344,60.09892],[29.94395,60.09925],[29.94446,60.09991],[29.94479,60.10055],[29.94508,60.10103],[29.9456,60.10165],[29.94575,60.10215],[29.9458,60.10249],[29.94593,60.10295],[29.94594,60.10321],[29.94595,60.1035],[29.94604,60.10409],[29.94607,60.10485],[29.94605,60.10532],[29.94607,60.10557],[29.94605,60.10614],[29.94581,60.10839],[29.94546,60.11019],[29.94548,60.11045],[29.9454,60.11082],[29.94543,60.11092],[29.94546,60.1114],[29.94538,60.11173],[29.94527,60.11212],[29.94506,60.11302],[29.94502,60.11324],[29.94491,60.11351],[29.9447,60.11393],[29.94453,60.11437],[29.9444,60.11469],[29.94382,60.11657],[29.94375,60.11689],[29.94363,60.1172],[29.94357,60.11753],[29.94355,60.1177],[29.94344,60.11804],[29.94343,60.11808],[29.94253,60.11946],[29.94244,60.11971],[29.94209,60.12011],[29.94185,60.1205],[29.94164,60.12085],[29.94121,60.12175],[29.94091,60.12233],[29.94072,60.12306],[29.9404,60.12379],[29.93958,60.12518],[29.93913,60.12544],[29.93886,60.12629],[29.93888,60.1264],[29.93876,60.12664],[29.93874,60.12669],[29.93871,60.12674],[29.93857,60.12703],[29.93844,60.12731],[29.93831,60.12777],[29.938,60.1283],[29.93784,60.12866],[29.93742,60.12932],[29.93731,60.12966],[29.93698,60.1301],[29.9365,60.13074],[29.93645,60.1308],[29.93612,60.13135],[29.9357,60.132],[29.93501,60.13298],[29.93483,60.13321],[29.93451,60.13359],[29.93448,60.13363],[29.93424,60.13397],[29.93397,60.13444],[29.93371,60.13488],[29.93336,60.13558],[29.93302,60.13607],[29.93285,60.13632],[29.93246,60.1369],[29.93199,60.1374],[29.93173,60.13783],[29.93113,60.13855],[29.93086,60.13896],[29.92971,60.14052],[29.9291,60.14126],[29.92872,60.1418],[29.92836,60.14224],[29.928,60.14269],[29.92749,60.14307],[29.92677,60.14359],[29.9265,60.14399],[29.92573,60.14463],[29.92448,60.14549],[29.92425,60.14575],[29.92378,60.14606],[29.92327,60.14628],[29.92267,60.14666],[29.92208,60.14689],[29.92178,60.14705],[29.92089,60.14745],[29.92032,60.14761],[29.91936,60.14794],[29.91799,60.14832],[29.91685,60.14856],[29.91629,60.14874],[29.91488,60.14899],[29.91428,60.14917],[29.91234,60.14979],[29.91196,60.14991],[29.91135,60.15002],[29.91052,60.15041],[29.90979,60.15071],[29.90865,60.15106],[29.90741,60.15127],[29.9063,60.15156],[29.90533,60.15169],[29.90485,60.15168],[29.90422,60.15152],[29.9032,60.15179],[29.90206,60.15181],[29.90123,60.15198],[29.90074,60.15203],[29.89966,60.1521],[29.898,60.15252],[29.89763,60.15261],[29.89752,60.15264],[29.89663,60.15288],[29.89596,60.15307],[29.89524,60.15337],[29.89463,60.15358],[29.89375,60.15387],[29.89275,60.15438],[29.89179,60.15461],[29.89122,60.15473],[29.89083,60.15474],[29.89053,60.15457],[29.89023,60.15493],[29.88961,60.15514],[29.88915,60.15548],[29.88857,60.15573],[29.88792,60.15602],[29.88752,60.15618],[29.88677,60.15658],[29.88604,60.15688],[29.8857,60.1571],[29.88484,60.15735],[29.88407,60.15759],[29.88326,60.15774],[29.88259,60.15789],[29.88198,60.15809],[29.88107,60.15832],[29.88011,60.15856],[29.87918,60.1589],[29.87832,60.15909],[29.87727,60.15957],[29.87548,60.16019],[29.87482,60.1604],[29.87389,60.16061],[29.87309,60.1608],[29.87258,60.16102],[29.87198,60.1612],[29.8704,60.1616],[29.8692,60.16187],[29.86815,60.16193],[29.86568,60.16229],[29.86446,60.16247],[29.86373,60.16259],[29.863,60.16276],[29.86094,60.16288],[29.86007,60.16288],[29.85907,60.16289],[29.85785,60.16263],[29.85761,60.16252],[29.85725,60.16248],[29.85639,60.16212],[29.85652,60.16191],[29.85624,60.16173],[29.85477,60.1615],[29.85394,60.16131],[29.85332,60.16124],[29.8514,60.1614],[29.85051,60.16127],[29.85011,60.16128],[29.84795,60.16173],[29.84731,60.16187],[29.84665,60.16194],[29.84602,60.16189],[29.84543,60.1621],[29.84523,60.16214],[29.84399,60.16272],[29.8424,60.16317],[29.84163,60.16334],[29.84125,60.16329],[29.84112,60.16315],[29.84042,60.16344],[29.83981,60.16358],[29.83856,60.16373],[29.83715,60.16406],[29.83666,60.16405],[29.83584,60.16405],[29.83547,60.16414],[29.83505,60.16428],[29.83407,60.16458],[29.83267,60.16511],[29.83119,60.1655],[29.831,60.16556],[29.82981,60.16591],[29.82873,60.16622],[29.82752,60.16662],[29.82617,60.16689],[29.82508,60.167],[29.82463,60.16694],[29.82435,60.16687],[29.82378,60.16616],[29.82318,60.16573],[29.82245,60.16552],[29.82211,60.16564],[29.82314,60.16605],[29.82357,60.16643],[29.82365,60.16665],[29.82253,60.16713],[29.82159,60.16744],[29.82078,60.16764],[29.82023,60.16779],[29.81949,60.16804],[29.81873,60.16828],[29.81804,60.16848],[29.81769,60.16859],[29.81713,60.1687],[29.81662,60.16891],[29.81634,60.16895],[29.81582,60.16897],[29.81482,60.16924],[29.81433,60.16951],[29.81332,60.16979],[29.81283,60.17006],[29.81266,60.17012],[29.81168,60.17045],[29.81129,60.17063],[29.81087,60.17075],[29.81029,60.17096],[29.80944,60.17122],[29.80868,60.17146],[29.80855,60.1715],[29.80788,60.17168],[29.80758,60.17176],[29.80723,60.17188],[29.8068,60.17198],[29.80623,60.17213],[29.80569,60.17227],[29.80509,60.17245],[29.8044,60.17267],[29.80411,60.1726],[29.80376,60.17265],[29.80356,60.17275],[29.80292,60.17304],[29.80232,60.17324],[29.80141,60.17352],[29.8006,60.17381],[29.79932,60.17417],[29.79856,60.17437],[29.79797,60.17448],[29.79726,60.17475],[29.79663,60.17493],[29.79563,60.17527],[29.79451,60.17562],[29.79399,60.17575],[29.79359,60.17585],[29.79282,60.17605],[29.7923,60.17617],[29.79083,60.17645],[29.78984,60.17659],[29.7892,60.17667],[29.78786,60.1768],[29.78685,60.17689],[29.78644,60.17693],[29.78587,60.177],[29.78526,60.17708],[29.78464,60.17728],[29.78373,60.17758],[29.78254,60.17789],[29.78091,60.17831],[29.77956,60.1786],[29.77753,60.17904],[29.77507,60.17949],[29.77291,60.17997],[29.77019,60.18036],[29.76835,60.18054],[29.76646,60.18076],[29.76452,60.18089],[29.76339,60.18095],[29.76202,60.18122],[29.76124,60.1813],[29.76034,60.1814],[29.76005,60.18142],[29.75919,60.18148],[29.75769,60.1817],[29.75584,60.18185],[29.75346,60.18217],[29.75169,60.18265],[29.75024,60.18268],[29.74891,60.18261],[29.74827,60.1824],[29.74655,60.18245],[29.74552,60.18248],[29.74503,60.18274],[29.74351,60.18303],[29.74146,60.18307],[29.74097,60.18334],[29.73944,60.1835],[29.73948,60.18401],[29.73795,60.18417],[29.73694,60.18433],[29.73689,60.18381],[29.73639,60.18395],[29.7359,60.18421],[29.73486,60.18423],[29.73387,60.18451],[29.73338,60.18478],[29.72876,60.18487],[29.72724,60.18516],[29.72675,60.18542],[29.72471,60.18572],[29.72168,60.1863],[29.71379,60.18688],[29.71257,60.18719],[29.71225,60.1873],[29.7117,60.18736],[29.71137,60.18733],[29.7114,60.18717],[29.70936,60.18719],[29.70822,60.1873],[29.70793,60.18736],[29.70761,60.18756],[29.70684,60.18769],[29.70666,60.18768],[29.70654,60.18763],[29.7066,60.18755],[29.70657,60.18737],[29.70566,60.18738],[29.70251,60.18742],[29.70249,60.18728],[29.70172,60.18731],[29.70178,60.18769],[29.70022,60.18776],[29.70018,60.18755],[29.70011,60.18729],[29.70009,60.18721],[29.70007,60.18712],[29.70011,60.18698],[29.70004,60.18691],[29.70012,60.18684],[29.70038,60.1868],[29.70156,60.18675],[29.70158,60.18667],[29.70141,60.18657],[29.70112,60.18667],[29.70012,60.18674],[29.69968,60.18682],[29.69899,60.18702],[29.69739,60.18735],[29.69586,60.18754],[29.69394,60.1878],[29.69381,60.18791],[29.69353,60.18788],[29.6932,60.18794],[29.69301,60.18801],[29.69273,60.18799],[29.69246,60.18804],[29.69223,60.18807],[29.69193,60.188],[29.69181,60.18785],[29.69165,60.18778],[29.69111,60.18783],[29.69069,60.1878],[29.6899,60.18787],[29.68937,60.18805],[29.68863,60.1882],[29.6883,60.18819],[29.68794,60.18829],[29.68709,60.18837],[29.68659,60.18836],[29.68641,60.1883],[29.68625,60.18833],[29.6857,60.18846],[29.68467,60.18858],[29.68265,60.18877],[29.68222,60.18872],[29.67995,60.18916],[29.67837,60.18949],[29.67648,60.18989],[29.67566,60.18999],[29.67539,60.18992],[29.67518,60.1898],[29.67465,60.18981],[29.67401,60.18989],[29.67375,60.18984],[29.67308,60.18982],[29.67263,60.18985],[29.67232,60.18993],[29.67222,60.18985],[29.67131,60.19001],[29.67047,60.19008],[29.66837,60.19014],[29.66687,60.19021],[29.66625,60.19016],[29.66527,60.19004],[29.66471,60.18994],[29.66437,60.18984],[29.66427,60.1894],[29.66398,60.18938],[29.66332,60.18957],[29.66276,60.18972],[29.66085,60.19012],[29.65928,60.19038],[29.65877,60.19039],[29.65785,60.19054],[29.65741,60.19051],[29.65699,60.19048],[29.65655,60.19035],[29.65606,60.19034],[29.65578,60.19041],[29.65562,60.19033],[29.65494,60.19023],[29.654,60.19023],[29.65326,60.19035],[29.65251,60.19045],[29.65209,60.1904],[29.65171,60.19033],[29.65094,60.19032],[29.64935,60.19048],[29.64851,60.19072],[29.64737,60.19092],[29.64587,60.19116],[29.64484,60.19134],[29.64339,60.19143],[29.64289,60.1914],[29.64229,60.19131],[29.64174,60.19126],[29.64123,60.19127],[29.64077,60.19134],[29.64039,60.19142],[29.63959,60.19143],[29.63882,60.1914],[29.63858,60.19145],[29.63855,60.19156],[29.63834,60.19159],[29.63826,60.19156],[29.63811,60.1915],[29.63766,60.1916],[29.63669,60.19153],[29.63626,60.19151],[29.63585,60.1916],[29.63553,60.19157],[29.63423,60.1915],[29.63374,60.19143],[29.63339,60.19139],[29.63318,60.19144],[29.63239,60.1917],[29.63173,60.19179],[29.63072,60.19184],[29.62958,60.19205],[29.62882,60.19211],[29.62828,60.19235],[29.62771,60.19258],[29.62674,60.19293],[29.62592,60.19318],[29.62481,60.19354],[29.62411,60.19377],[29.62335,60.19398],[29.62238,60.19427],[29.62098,60.1946],[29.62018,60.19479],[29.61928,60.19496],[29.61847,60.19509],[29.61728,60.19519],[29.61686,60.19526],[29.61618,60.1953],[29.61492,60.19529],[29.61333,60.19543],[29.61138,60.1956],[29.61034,60.19572],[29.61001,60.19566],[29.60835,60.19586],[29.60761,60.19593],[29.60573,60.1961],[29.60432,60.19625],[29.60291,60.19636],[29.60263,60.19638],[29.59935,60.1967],[29.59772,60.19688],[29.59656,60.19693],[29.59609,60.19697],[29.59537,60.19701],[29.59478,60.19705],[29.59331,60.19715],[29.5916,60.19721],[29.59036,60.19718],[29.58998,60.1971],[29.58964,60.197],[29.58956,60.19697],[29.58923,60.19693],[29.589,60.1969],[29.58879,60.19687],[29.58836,60.19685],[29.5873,60.19683],[29.58619,60.19686],[29.5842,60.19688],[29.57663,60.19716],[29.57575,60.19722],[29.57431,60.19728],[29.57312,60.19736],[29.57208,60.19734],[29.57065,60.19728],[29.56952,60.19728],[29.56835,60.19711],[29.56751,60.1968],[29.56702,60.19663],[29.56693,60.19644],[29.56674,60.19627],[29.56614,60.196],[29.56565,60.19584],[29.56533,60.19563],[29.56505,60.1954],[29.56479,60.19526],[29.56415,60.19512],[29.56377,60.19488],[29.56275,60.19456],[29.56218,60.19429],[29.56163,60.19399],[29.56107,60.1938],[29.5602,60.19384],[29.55914,60.19403],[29.55605,60.19425],[29.55421,60.19432],[29.55354,60.19436],[29.55316,60.19439],[29.55259,60.19441],[29.55176,60.19449],[29.55113,60.1945],[29.55029,60.19455],[29.54929,60.19461],[29.5485,60.19463],[29.54826,60.19451],[29.54819,60.19423],[29.54787,60.19408],[29.54747,60.19402],[29.54701,60.19403],[29.54643,60.19407],[29.54599,60.19398],[29.54577,60.19394],[29.54528,60.19383],[29.54504,60.19368],[29.54457,60.19356],[29.54391,60.19356],[29.54366,60.19366],[29.54364,60.19367],[29.54351,60.19383],[29.54333,60.1939],[29.54299,60.19385],[29.54274,60.19385],[29.54255,60.19397],[29.54226,60.19395],[29.54206,60.194],[29.54202,60.19401],[29.5418,60.19418],[29.54161,60.19458],[29.54079,60.195],[29.54015,60.19479],[29.54008,60.19446],[29.54004,60.19415],[29.53985,60.19386],[29.53963,60.19358],[29.53936,60.19333],[29.53927,60.19287],[29.53918,60.19254],[29.53898,60.1921],[29.53903,60.19181],[29.5392,60.19137],[29.53918,60.19118],[29.53903,60.19102],[29.53877,60.19088],[29.53854,60.19083],[29.5383,60.19084],[29.53825,60.19089],[29.53827,60.19094],[29.53834,60.19099],[29.53837,60.19105],[29.5383,60.19111],[29.53823,60.19113],[29.53816,60.19117],[29.5382,60.19124],[29.53841,60.19131],[29.53854,60.19141],[29.53869,60.19165],[29.5387,60.19185],[29.53865,60.19201],[29.53867,60.19224],[29.53879,60.19242],[29.53884,60.19263],[29.53876,60.19273],[29.53859,60.19276],[29.53836,60.19277],[29.5383,60.19276],[29.53775,60.19271],[29.53704,60.19246],[29.53653,60.19218],[29.53598,60.19168],[29.5357,60.19151],[29.5354,60.19138],[29.53497,60.19122],[29.53487,60.19089],[29.5349,60.19057],[29.53456,60.19038],[29.53414,60.19009],[29.5341,60.19006],[29.53334,60.19017],[29.53228,60.19025],[29.5316,60.19025],[29.53024,60.18996],[29.52912,60.18954],[29.52849,60.18895],[29.52806,60.18818],[29.52802,60.18784],[29.52801,60.18777],[29.528,60.18748],[29.52799,60.18744],[29.52792,60.18719],[29.52773,60.18704],[29.52745,60.18671],[29.52735,60.18637],[29.52734,60.18632],[29.52728,60.1861],[29.52731,60.18571],[29.52697,60.18533],[29.52696,60.18528],[29.52686,60.18468],[29.52648,60.18404],[29.52634,60.18359],[29.526,60.18327],[29.5255,60.18309],[29.52455,60.18294],[29.52296,60.1828],[29.52249,60.18278],[29.5221,60.18282],[29.52181,60.18273],[29.52116,60.18269],[29.52031,60.18248],[29.51904,60.18229],[29.51714,60.18213],[29.51656,60.18194],[29.51596,60.1816],[29.51548,60.18129],[29.51511,60.18101],[29.51445,60.1809],[29.51391,60.18082],[29.51317,60.18079],[29.51204,60.18062],[29.51174,60.18054],[29.51093,60.18033],[29.51076,60.18011],[29.51001,60.18006],[29.50938,60.18003],[29.50902,60.17989],[29.50757,60.17996],[29.50636,60.17988],[29.50625,60.17987],[29.50458,60.17989],[29.50297,60.1797],[29.50096,60.17961],[29.50009,60.17953],[29.49962,60.17925],[29.49933,60.17916],[29.49895,60.17895],[29.49814,60.17891],[29.49744,60.17881],[29.4963,60.17872],[29.4948,60.1786],[29.49307,60.17861],[29.491,60.17858],[29.48869,60.17833],[29.48782,60.17838],[29.48644,60.17828],[29.48392,60.17819],[29.48302,60.17805],[29.48223,60.17796],[29.48097,60.17782],[29.47969,60.17765],[29.47768,60.17731],[29.47622,60.17701],[29.47541,60.17681],[29.47467,60.17664],[29.47387,60.17645],[29.47309,60.17624],[29.47267,60.17609],[29.4719,60.17591],[29.47144,60.17579],[29.47115,60.17561],[29.47036,60.17538],[29.47006,60.17527],[29.46995,60.17513],[29.4698,60.17497],[29.46963,60.17485],[29.46921,60.17468],[29.46899,60.17462],[29.46868,60.17442],[29.46831,60.17419],[29.46795,60.17402],[29.46725,60.17388],[29.46654,60.17357],[29.46574,60.17332],[29.46503,60.17316],[29.46458,60.17305],[29.46418,60.17296],[29.46364,60.17283],[29.46319,60.17272],[29.46269,60.17247],[29.46208,60.17226],[29.46131,60.17209],[29.46088,60.17199],[29.46019,60.17184],[29.45946,60.17169],[29.45875,60.17151],[29.4582,60.17139],[29.45749,60.17124],[29.45696,60.17127],[29.45655,60.17119],[29.4565,60.17117],[29.45622,60.17155],[29.45631,60.17162],[29.45595,60.17189],[29.45605,60.17208],[29.45585,60.17227],[29.45527,60.17226],[29.45478,60.17205],[29.45446,60.17181],[29.45387,60.17174],[29.45338,60.17174],[29.45314,60.17186],[29.45278,60.17194],[29.45235,60.172],[29.45205,60.17197],[29.45181,60.17188],[29.45183,60.17176],[29.4514,60.17161],[29.4499,60.17109],[29.44941,60.1711],[29.44902,60.1712],[29.44881,60.17143],[29.44904,60.17154],[29.44936,60.17155],[29.44971,60.17149],[29.44992,60.17155],[29.45008,60.1718],[29.45009,60.17193],[29.4501,60.17206],[29.45012,60.17227],[29.44988,60.17245],[29.44966,60.17261],[29.4494,60.17266],[29.4491,60.17256],[29.44867,60.17246],[29.44823,60.17251],[29.44803,60.17265],[29.4477,60.17329],[29.44765,60.17354],[29.44762,60.17368],[29.44734,60.17375],[29.44691,60.17369],[29.44659,60.17358],[29.44619,60.17362],[29.44607,60.17357],[29.44598,60.17345],[29.44595,60.17331],[29.44572,60.17324],[29.44497,60.17318],[29.44399,60.17354],[29.44399,60.17363],[29.44384,60.17379],[29.44369,60.17388],[29.44345,60.17396],[29.4435,60.17411],[29.44346,60.17422],[29.44311,60.17433],[29.44287,60.17431],[29.44273,60.17423],[29.44275,60.17406],[29.44298,60.17366],[29.44285,60.17349],[29.4426,60.17343],[29.44234,60.1735],[29.44207,60.17366],[29.44191,60.17384],[29.44188,60.17402],[29.44189,60.17423],[29.4418,60.17438],[29.44156,60.17446],[29.44149,60.17457],[29.44166,60.17467],[29.44204,60.17468],[29.44228,60.17465],[29.44244,60.17475],[29.4424,60.17486],[29.44223,60.17497],[29.4419,60.17501],[29.44138,60.17488],[29.44062,60.17481],[29.44052,60.17498],[29.44055,60.17524],[29.44037,60.17549],[29.43999,60.17573],[29.43979,60.17545],[29.43933,60.1754],[29.43911,60.17547],[29.43889,60.17546],[29.4387,60.17536],[29.43848,60.17539],[29.43834,60.17545],[29.43834,60.17564],[29.43851,60.17582],[29.43894,60.17591],[29.4397,60.17594],[29.43953,60.17606],[29.43929,60.17623],[29.4389,60.17643]]]]}},{"type":"Feature","properties":{"osm_id":338636,"name":"Московский район"},"geometry":{"type":"MultiPolygon","coordinates":[[[[30.19877,59.80161],[30.19885,59.8015],[30.19914,59.80148],[30.19944,59.80137],[30.19991,59.80133],[30.2,59.80125],[30.20009,59.8009],[30.20025,59.80018],[30.20022,59.80004],[30.20014,59.79981],[30.20023,59.79964],[30.20097,59.79946],[30.20422,59.79889],[30.2083,59.79819],[30.21047,59.79779],[30.21092,59.79766],[30.21132,59.79769],[30.2152,59.79742],[30.21859,59.79718],[30.22133,59.79703],[30.22388,59.79664],[30.22538,59.79642],[30.22812,59.79602],[30.22895,59.7959],[30.23124,59.79556],[30.23692,59.79475],[30.2386,59.7945],[30.23972,59.79433],[30.24424,59.79366],[30.24536,59.79349],[30.25702,59.79178],[30.26063,59.79124],[30.26686,59.79032],[30.2705,59.78979],[30.27011,59.79446],[30.27715,59.79498],[30.2814,59.79514],[30.28384,59.79524],[30.28433,59.79496],[30.28541,59.79436],[30.28587,59.7941],[30.28653,59.79373],[30.28976,59.79191],[30.28978,59.7917],[30.28979,59.79145],[30.28985,59.7904],[30.27116,59.7786],[30.27385,59.77761],[30.26879,59.77473],[30.2709,59.77404],[30.26441,59.77095],[30.25859,59.76272],[30.25856,59.76268],[30.30072,59.74739],[30.31,59.74415],[30.31025,59.74437],[30.31048,59.74459],[30.31801,59.75178],[30.327,59.76053],[30.32981,59.76323],[30.33052,59.76225],[30.33063,59.76225],[30.33172,59.76221],[30.33262,59.76318],[30.33337,59.76511],[30.3345,59.7673],[30.3351,59.7687],[30.33714,59.7685],[30.33779,59.77037],[30.33581,59.77077],[30.33619,59.77177],[30.33277,59.77173],[30.33183,59.77297],[30.3308,59.77365],[30.32908,59.77447],[30.32726,59.77546],[30.32633,59.77626],[30.32603,59.77832],[30.32587,59.78149],[30.32584,59.78225],[30.32546,59.78967],[30.32542,59.79106],[30.32718,59.79241],[30.32775,59.7936],[30.32775,59.79444],[30.32723,59.79557],[30.3266,59.79622],[30.32506,59.79751],[30.32493,59.79967],[30.32473,59.80251],[30.32466,59.80374],[30.32505,59.80375],[30.3252,59.80376],[30.32534,59.80377],[30.32572,59.80381],[30.32597,59.80381],[30.32592,59.80465],[30.32601,59.80465],[30.32608,59.80465],[30.32916,59.8047],[30.33026,59.80471],[30.33043,59.80471],[30.33068,59.80479],[30.33322,59.80583],[30.33386,59.80609],[30.33398,59.80618],[30.33415,59.80623],[30.3351,59.80647],[30.33522,59.8065],[30.33539,59.80653],[30.33553,59.80658],[30.33562,59.80661],[30.33567,59.80663],[30.336,59.8067],[30.33623,59.80676],[30.33632,59.80681],[30.33642,59.80688],[30.33661,59.807],[30.33666,59.80704],[30.33676,59.80708],[30.3369,59.80718],[30.33716,59.80737],[30.33725,59.80746],[30.33728,59.80752],[30.33731,59.80764],[30.33736,59.80774],[30.3375,59.80793],[30.33761,59.80804],[30.33771,59.8081],[30.33774,59.80817],[30.33789,59.80826],[30.33806,59.80834],[30.33843,59.8084],[30.33867,59.80844],[30.33986,59.80865],[30.34012,59.8087],[30.34023,59.80873],[30.34039,59.80875],[30.3405,59.8088],[30.34054,59.80881],[30.34062,59.80882],[30.34099,59.80891],[30.34123,59.80896],[30.34129,59.80898],[30.34152,59.80903],[30.34183,59.80922],[30.34193,59.80932],[30.34202,59.80935],[30.34208,59.8094],[30.34223,59.80952],[30.34226,59.8096],[30.34238,59.80969],[30.34334,59.81051],[30.34353,59.81065],[30.34368,59.81079],[30.34388,59.81096],[30.34401,59.81108],[30.34459,59.81145],[30.34518,59.81178],[30.34535,59.81187],[30.34555,59.81198],[30.34572,59.81209],[30.34589,59.81213],[30.34617,59.81223],[30.34635,59.8123],[30.34692,59.81251],[30.34733,59.81265],[30.34772,59.81278],[30.34805,59.8129],[30.34827,59.81292],[30.34865,59.81291],[30.34913,59.8129],[30.34934,59.81288],[30.34959,59.8129],[30.35034,59.81318],[30.35116,59.81345],[30.35308,59.81412],[30.35335,59.8142],[30.3562,59.81455],[30.35644,59.81462],[30.35683,59.81473],[30.35712,59.81474],[30.35797,59.81467],[30.35983,59.81471],[30.36044,59.81472],[30.3625,59.81465],[30.36269,59.81466],[30.36291,59.81471],[30.36298,59.81479],[30.36303,59.81485],[30.36307,59.81544],[30.36313,59.81551],[30.36315,59.81555],[30.36317,59.81564],[30.36328,59.81567],[30.364,59.81562],[30.36445,59.81575],[30.36496,59.81588],[30.36559,59.81598],[30.36567,59.816],[30.36583,59.81606],[30.36603,59.81618],[30.36608,59.81624],[30.3661,59.8163],[30.36618,59.81643],[30.36624,59.81651],[30.36637,59.81656],[30.36668,59.81659],[30.36813,59.81666],[30.36843,59.81667],[30.36852,59.81673],[30.36844,59.81682],[30.36849,59.8169],[30.36898,59.81688],[30.37022,59.81693],[30.3704,59.81694],[30.3716,59.81696],[30.37414,59.81721],[30.37689,59.81784],[30.37942,59.81831],[30.38165,59.81873],[30.38011,59.82203],[30.37833,59.82523],[30.37762,59.82632],[30.37624,59.82875],[30.37495,59.83137],[30.37375,59.83371],[30.37368,59.83388],[30.37291,59.8357],[30.3713,59.84002],[30.36954,59.84356],[30.3683,59.84591],[30.36624,59.85017],[30.36526,59.85213],[30.36453,59.85369],[30.36434,59.85405],[30.36402,59.85476],[30.36308,59.8565],[30.36239,59.85784],[30.36061,59.86141],[30.35892,59.86484],[30.35732,59.86797],[30.35525,59.87221],[30.35456,59.87353],[30.35446,59.8737],[30.35376,59.87477],[30.35029,59.87838],[30.3485,59.88026],[30.34753,59.88165],[30.34591,59.88452],[30.345,59.88623],[30.3449,59.88709],[30.34494,59.88801],[30.34531,59.88951],[30.34537,59.89109],[30.34509,59.89198],[30.34404,59.89405],[30.34283,59.89651],[30.34132,59.89948],[30.34017,59.9018],[30.33892,59.90415],[30.33845,59.90504],[30.33813,59.905],[30.33814,59.90507],[30.33813,59.90513],[30.33811,59.90519],[30.33789,59.90555],[30.33774,59.90578],[30.33763,59.90594],[30.33744,59.90617],[30.33716,59.90646],[30.33687,59.90675],[30.33668,59.90693],[30.33644,59.90718],[30.3363,59.90733],[30.33611,59.90757],[30.3359,59.90784],[30.33577,59.90803],[30.33569,59.90817],[30.33555,59.90843],[30.33541,59.90871],[30.33535,59.90887],[30.33531,59.909],[30.33528,59.90916],[30.33525,59.9093],[30.33524,59.90934],[30.33523,59.90945],[30.33521,59.90964],[30.3352,59.90992],[30.3352,59.90994],[30.33518,59.91025],[30.33516,59.91038],[30.33509,59.91052],[30.33495,59.91078],[30.33482,59.91098],[30.33469,59.91119],[30.3346,59.91132],[30.33456,59.91139],[30.33434,59.91166],[30.33418,59.91182],[30.33414,59.91187],[30.33379,59.91214],[30.33375,59.91217],[30.33342,59.91244],[30.33337,59.91249],[30.33308,59.91272],[30.33295,59.91282],[30.33284,59.91285],[30.33258,59.91305],[30.32515,59.91033],[30.32195,59.90911],[30.32078,59.90878],[30.32013,59.9087],[30.3195,59.90864],[30.31841,59.90864],[30.3184,59.90851],[30.3184,59.90819],[30.31866,59.90276],[30.31882,59.90239],[30.31918,59.89643],[30.31914,59.89643],[30.31903,59.89642],[30.31869,59.89642],[30.31864,59.89641],[30.31848,59.89641],[30.31745,59.8964],[30.31663,59.8964],[30.31551,59.89639],[30.31495,59.89637],[30.31468,59.89635],[30.31447,59.89634],[30.31413,59.89633],[30.31403,59.89632],[30.31391,59.8963],[30.31061,59.89627],[30.31051,59.89628],[30.31041,59.89629],[30.31032,59.89629],[30.3102,59.89629],[30.30996,59.89629],[30.30984,59.89629],[30.30932,59.89628],[30.30869,59.89627],[30.30851,59.89627],[30.30798,59.89626],[30.30749,59.89626],[30.30718,59.89625],[30.30673,59.89625],[30.30608,59.89624],[30.3054,59.89622],[30.30533,59.89622],[30.30397,59.89621],[30.30384,59.8962],[30.30364,59.8962],[30.30261,59.89619],[30.30171,59.89615],[30.30079,59.89614],[30.3004,59.89614],[30.30019,59.89613],[30.29789,59.89603],[30.2979,59.89446],[30.29946,59.89424],[30.29858,59.89127],[30.29765,59.88867],[30.29723,59.88809],[30.29527,59.88662],[30.29507,59.88647],[30.29427,59.88447],[30.29379,59.88251],[30.30001,59.88269],[30.29967,59.88146],[30.29759,59.88077],[30.29578,59.87991],[30.29454,59.87896],[30.29373,59.87777],[30.29344,59.87657],[30.29316,59.8749],[30.29245,59.87175],[30.29203,59.87001],[30.2917,59.86811],[30.29142,59.86581],[30.29084,59.86253],[30.29053,59.85998],[30.29048,59.85959],[30.29047,59.8593],[30.29035,59.85857],[30.29078,59.85855],[30.29088,59.8585],[30.29145,59.85814],[30.29228,59.85799],[30.29248,59.85796],[30.29258,59.85795],[30.29265,59.8579],[30.29269,59.85785],[30.29269,59.85783],[30.29267,59.85777],[30.29246,59.85729],[30.29244,59.85697],[30.29245,59.8564],[30.29241,59.85579],[30.29236,59.85535],[30.29233,59.85511],[30.2922,59.85446],[30.29207,59.85384],[30.292,59.85353],[30.2919,59.85309],[30.29185,59.85289],[30.29178,59.85281],[30.29166,59.85273],[30.29147,59.85266],[30.29122,59.85256],[30.29108,59.85247],[30.29085,59.8523],[30.29074,59.85221],[30.29047,59.8517],[30.29042,59.85161],[30.29016,59.85151],[30.28996,59.85144],[30.28966,59.85137],[30.28942,59.85128],[30.28927,59.85117],[30.28918,59.851],[30.28916,59.85098],[30.28909,59.85083],[30.28901,59.85065],[30.28892,59.85045],[30.28849,59.84961],[30.2878,59.84856],[30.28708,59.8476],[30.2865,59.84689],[30.28648,59.84687],[30.28628,59.84637],[30.28611,59.84617],[30.28603,59.84608],[30.28569,59.84569],[30.28542,59.84533],[30.2853,59.8452],[30.28503,59.8449],[30.28485,59.8447],[30.28458,59.84453],[30.28431,59.84435],[30.28411,59.84419],[30.2839,59.84401],[30.28371,59.84383],[30.28356,59.84367],[30.28334,59.84349],[30.28323,59.84338],[30.28302,59.84329],[30.28289,59.84319],[30.28273,59.84304],[30.28257,59.8429],[30.28236,59.84274],[30.28227,59.84265],[30.28225,59.84258],[30.28222,59.84253],[30.28213,59.84251],[30.28199,59.84252],[30.28158,59.84253],[30.28147,59.84255],[30.28139,59.84255],[30.2812,59.84246],[30.28099,59.84229],[30.28074,59.84217],[30.27782,59.84048],[30.27639,59.8396],[30.2735,59.83788],[30.27257,59.83735],[30.27058,59.83618],[30.26996,59.83577],[30.26982,59.83569],[30.26975,59.83565],[30.2697,59.83563],[30.26957,59.83557],[30.26949,59.83551],[30.26942,59.83544],[30.26934,59.8354],[30.26855,59.83494],[30.26467,59.83272],[30.2488,59.82344],[30.24751,59.82267],[30.24457,59.81914],[30.23999,59.81303],[30.23921,59.81306],[30.23916,59.81305],[30.23848,59.81295],[30.23718,59.81276],[30.2356,59.81285],[30.22752,59.8133],[30.22734,59.81328],[30.22653,59.81308],[30.2249,59.81245],[30.22422,59.81219],[30.22385,59.80881],[30.22271,59.80882],[30.22255,59.80878],[30.22235,59.80858],[30.2206,59.80513],[30.22077,59.80498],[30.22055,59.8049],[30.22047,59.80487],[30.22027,59.8048],[30.22036,59.80474],[30.21934,59.80263],[30.21723,59.8023],[30.21756,59.80173],[30.2176,59.80163],[30.21749,59.80158],[30.21726,59.80154],[30.21661,59.80155],[30.21478,59.80189],[30.21403,59.80195],[30.21057,59.80218],[30.20014,59.8037],[30.19972,59.80293],[30.19943,59.80241],[30.19908,59.80178],[30.19877,59.80161]]]]}},{"type":"Feature","properties":{"osm_id":368287,"name":"Невский район"},"geometry":{"type":"MultiPolygon","coordinates":[[[[30.36334,59.91387],[30.36951,59.91412],[30.37267,59.91452],[30.38259,59.91623],[30.38593,59.91683],[30.38831,59.91731],[30.39202,59.91797],[30.39367,59.91838],[30.40221,59.92063],[30.40684,59.91767],[30.4094,59.91543],[30.41317,59.91651],[30.416,59.91712],[30.42172,59.91869],[30.42145,59.91853],[30.42172,59.91846],[30.42303,59.91903],[30.42377,59.91927],[30.42563,59.91989],[30.42664,59.92035],[30.42747,59.9208],[30.42895,59.92181],[30.43213,59.92431],[30.43415,59.92595],[30.43618,59.92722],[30.43735,59.92801],[30.43905,59.92893],[30.44191,59.93111],[30.44242,59.93094],[30.44322,59.93157],[30.44283,59.93171],[30.44391,59.93279],[30.44468,59.93378],[30.44518,59.93441],[30.44683,59.93556],[30.44839,59.93611],[30.45134,59.93619],[30.45456,59.93594],[30.45877,59.93508],[30.46545,59.93346],[30.46728,59.93312],[30.46741,59.93329],[30.46248,59.93437],[30.46882,59.93416],[30.47201,59.93418],[30.47426,59.93405],[30.47435,59.93429],[30.48024,59.93397],[30.48721,59.93359],[30.49053,59.9334],[30.49606,59.93309],[30.49836,59.93311],[30.50117,59.93358],[30.50298,59.93421],[30.50441,59.93492],[30.50553,59.93594],[30.50319,59.92525],[30.50002,59.91079],[30.49554,59.89201],[30.49542,59.89148],[30.49741,59.89136],[30.4976,59.89054],[30.49969,59.88905],[30.50109,59.88682],[30.50106,59.88626],[30.50798,59.87749],[30.51167,59.87285],[30.52,59.86323],[30.51638,59.86259],[30.50868,59.86123],[30.508,59.85969],[30.5054,59.85921],[30.50387,59.85949],[30.49885,59.85889],[30.49863,59.85908],[30.49763,59.85899],[30.49725,59.85896],[30.49704,59.85894],[30.49349,59.8582],[30.49355,59.85653],[30.49323,59.85455],[30.49241,59.85173],[30.49217,59.84997],[30.49244,59.84855],[30.49349,59.84708],[30.49575,59.84596],[30.50017,59.84503],[30.50574,59.84416],[30.50964,59.84309],[30.51356,59.84163],[30.51934,59.83874],[30.52288,59.83704],[30.52801,59.83527],[30.5327,59.83406],[30.53486,59.83375],[30.53703,59.83355],[30.54082,59.83362],[30.55209,59.83639],[30.55594,59.83674],[30.55838,59.83655],[30.56036,59.83608],[30.56148,59.83545],[30.56255,59.83456],[30.56285,59.83362],[30.56223,59.83181],[30.56142,59.8298],[30.5612,59.82877],[30.56125,59.82761],[30.56202,59.82645],[30.56314,59.82545],[30.56579,59.82428],[30.56717,59.82392],[30.56694,59.82366],[30.56517,59.82174],[30.56435,59.82181],[30.56253,59.822],[30.56042,59.82222],[30.56009,59.82215],[30.56151,59.82156],[30.56216,59.82129],[30.56312,59.82088],[30.56294,59.82083],[30.56149,59.82051],[30.56056,59.8203],[30.55991,59.82015],[30.55873,59.81946],[30.55428,59.82123],[30.55174,59.81974],[30.55365,59.81763],[30.55472,59.81716],[30.5485,59.81313],[30.54713,59.81369],[30.54115,59.81597],[30.53548,59.81808],[30.53163,59.81941],[30.52821,59.82082],[30.52021,59.82393],[30.5201,59.8237],[30.52016,59.82358],[30.52021,59.82339],[30.52058,59.82302],[30.52081,59.82277],[30.52131,59.82208],[30.52138,59.82194],[30.52141,59.82182],[30.52142,59.82167],[30.52136,59.8215],[30.5209,59.82042],[30.52075,59.82008],[30.52053,59.81974],[30.5203,59.81941],[30.52013,59.81923],[30.5199,59.81902],[30.51944,59.81865],[30.51894,59.81832],[30.51864,59.81815],[30.51454,59.81581],[30.51362,59.81531],[30.51338,59.81522],[30.51321,59.81518],[30.51301,59.81515],[30.51264,59.81507],[30.5126,59.81496],[30.51256,59.81487],[30.51246,59.81474],[30.51244,59.81461],[30.51228,59.8144],[30.5109,59.8136],[30.5105,59.81377],[30.50829,59.81264],[30.50822,59.81129],[30.50869,59.81061],[30.50981,59.80992],[30.51025,59.80961],[30.51041,59.80932],[30.51221,59.80803],[30.51155,59.80777],[30.5082,59.81012],[30.49996,59.81603],[30.4752,59.83399],[30.46699,59.83963],[30.45883,59.84532],[30.45587,59.84756],[30.45007,59.85154],[30.44778,59.85313],[30.44574,59.85438],[30.43565,59.86012],[30.42945,59.86411],[30.42687,59.86579],[30.42547,59.86659],[30.421,59.86915],[30.41633,59.87244],[30.41307,59.8748],[30.40884,59.87795],[30.40516,59.881],[30.40486,59.88124],[30.40061,59.88455],[30.39854,59.88621],[30.395,59.88905],[30.39309,59.89169],[30.39236,59.89196],[30.3925,59.89215],[30.39295,59.892],[30.39195,59.8931],[30.39112,59.89376],[30.39052,59.89356],[30.3902,59.89379],[30.39084,59.894],[30.38706,59.89676],[30.38196,59.90036],[30.3797,59.90205],[30.37759,59.9035],[30.37478,59.90539],[30.37014,59.90809],[30.36653,59.91009],[30.36598,59.91044],[30.3654,59.91088],[30.36501,59.91124],[30.36429,59.91199],[30.3635,59.91337],[30.36347,59.91351],[30.36334,59.91387]]]]}},{"type":"Feature","properties":{"osm_id":1114905,"name":"Петроградский район"},"geometry":{"type":"MultiPolygon","coordinates":[[[[30.21727,59.97732],[30.21689,59.97729],[30.21683,59.97729],[30.21665,59.97727],[30.21651,59.97725],[30.2163,59.97722],[30.21573,59.97713],[30.21518,59.97703],[30.21494,59.97698],[30.21436,59.9768],[30.21409,59.97672],[30.21387,59.97664],[30.21333,59.97646],[30.21296,59.9763],[30.21286,59.97626],[30.21223,59.97594],[30.21199,59.97581],[30.21161,59.97555],[30.21088,59.97496],[30.21063,59.97459],[30.21029,59.97399],[30.21024,59.97373],[30.21019,59.97333],[30.21016,59.97311],[30.21013,59.97234],[30.21024,59.97166],[30.21035,59.97123],[30.21053,59.97087],[30.21073,59.97061],[30.21092,59.9704],[30.2112,59.97016],[30.2113,59.97012],[30.21142,59.97012],[30.21249,59.97033],[30.21266,59.97034],[30.21281,59.97032],[30.21296,59.97027],[30.21304,59.97022],[30.21368,59.96956],[30.2139,59.96936],[30.21401,59.96932],[30.2141,59.96932],[30.21414,59.96906],[30.21402,59.96896],[30.21397,59.96884],[30.21404,59.96874],[30.21423,59.96867],[30.21445,59.96865],[30.21465,59.96868],[30.21526,59.96871],[30.21679,59.96879],[30.21694,59.96882],[30.21697,59.9689],[30.21686,59.96931],[30.21673,59.96966],[30.2175,59.96977],[30.21807,59.96984],[30.21817,59.96988],[30.21828,59.97001],[30.21929,59.96976],[30.21978,59.96977],[30.21988,59.9698],[30.22083,59.96973],[30.22366,59.96951],[30.22456,59.96939],[30.22484,59.96916],[30.22484,59.96909],[30.22494,59.96895],[30.22488,59.96874],[30.22395,59.96881],[30.2239,59.96865],[30.22496,59.96858],[30.22499,59.96798],[30.23672,59.9667],[30.23722,59.96664],[30.23679,59.96611],[30.23676,59.9661],[30.23673,59.96609],[30.23667,59.9661],[30.2364,59.96604],[30.23618,59.96599],[30.23599,59.96593],[30.23585,59.96588],[30.23572,59.96582],[30.23557,59.96574],[30.23545,59.96567],[30.23535,59.9656],[30.23523,59.9655],[30.23513,59.96539],[30.23509,59.96532],[30.23506,59.96526],[30.23502,59.96516],[30.23499,59.96508],[30.23499,59.96499],[30.23499,59.96488],[30.23501,59.96477],[30.23505,59.96468],[30.23514,59.96455],[30.23525,59.96441],[30.23541,59.96429],[30.23558,59.96418],[30.23577,59.96408],[30.2361,59.96397],[30.23388,59.96241],[30.25527,59.95825],[30.2638,59.95697],[30.26622,59.95628],[30.26841,59.95488],[30.27761,59.95153],[30.2851,59.94929],[30.28571,59.9491],[30.29227,59.94715],[30.29386,59.94667],[30.3073,59.94608],[30.30951,59.94598],[30.31686,59.94566],[30.32665,59.94836],[30.3276,59.94862],[30.32914,59.94903],[30.33042,59.9493],[30.33489,59.95015],[30.34541,59.95224],[30.34235,59.95352],[30.34022,59.95465],[30.33927,59.95541],[30.3377,59.95733],[30.33676,59.96048],[30.33582,59.96589],[30.33496,59.96712],[30.3347,59.96749],[30.33059,59.97335],[30.32432,59.97739],[30.32175,59.97847],[30.32022,59.97911],[30.31476,59.9799],[30.31347,59.98013],[30.3063,59.9814],[30.29951,59.98255],[30.29035,59.98278],[30.28373,59.98235],[30.27735,59.98154],[30.27321,59.98134],[30.26857,59.9819],[30.26648,59.98232],[30.26413,59.98254],[30.26055,59.98257],[30.25645,59.98248],[30.25371,59.98242],[30.25297,59.9824],[30.24586,59.98203],[30.237,59.98116],[30.23128,59.97947],[30.22652,59.97892],[30.22655,59.97782],[30.22566,59.97769],[30.22541,59.97763],[30.22417,59.97697],[30.22075,59.97713],[30.22056,59.97711],[30.22011,59.97714],[30.21997,59.97717],[30.21837,59.97721],[30.21832,59.97726],[30.21823,59.97729],[30.21812,59.97732],[30.21794,59.97733],[30.21761,59.97733],[30.21727,59.97732]]]]}},{"type":"Feature","properties":{"osm_id":367375,"name":"Петродворцовый район"},"geometry":{"type":"MultiPolygon","coordinates":[[[[29.64754,59.92986],[29.64792,59.92829],[29.64794,59.9282],[29.65087,59.9283],[29.65404,59.92793],[29.65589,59.92763],[29.66005,59.92697],[29.66133,59.92481],[29.65754,59.91899],[29.65629,59.91664],[29.65892,59.91532],[29.65989,59.91543],[29.66334,59.91489],[29.66376,59.91484],[29.66391,59.91477],[29.66636,59.91438],[29.66919,59.9139],[29.67615,59.91342],[29.68001,59.91277],[29.68194,59.9125],[29.69372,59.91026],[29.69696,59.90942],[29.69853,59.90903],[29.69873,59.90897],[29.70052,59.90847],[29.70267,59.90788],[29.7031,59.90778],[29.70543,59.907],[29.70623,59.90673],[29.70663,59.90654],[29.70717,59.90616],[29.70724,59.90576],[29.70655,59.90527],[29.70638,59.905],[29.7066,59.90482],[29.70866,59.90437],[29.70961,59.9056],[29.71572,59.90376],[29.71699,59.90354],[29.71742,59.90339],[29.71755,59.90323],[29.71783,59.90316],[29.71856,59.90307],[29.71946,59.90291],[29.72,59.90282],[29.72208,59.9015],[29.72702,59.89426],[29.72653,59.89365],[29.71494,59.88928],[29.71435,59.88732],[29.71642,59.87412],[29.7245,59.8711],[29.7328,59.87162],[29.73519,59.87084],[29.73689,59.87244],[29.75012,59.87175],[29.75013,59.86884],[29.76441,59.86926],[29.77136,59.87222],[29.78685,59.86583],[29.79987,59.85866],[29.80027,59.85891],[29.82138,59.86824],[29.82341,59.86904],[29.82512,59.86744],[29.82637,59.86668],[29.8307,59.86565],[29.83478,59.86623],[29.83481,59.86807],[29.83749,59.86763],[29.85919,59.86199],[29.85774,59.86116],[29.85992,59.85847],[29.86162,59.85791],[29.86175,59.85778],[29.86254,59.85544],[29.86766,59.85389],[29.86909,59.85403],[29.86943,59.85476],[29.87079,59.85547],[29.872,59.85647],[29.87148,59.8589],[29.8716,59.8589],[29.87301,59.85889],[29.87327,59.85884],[29.87422,59.85865],[29.8745,59.85684],[29.88036,59.85216],[29.87968,59.85146],[29.87917,59.85058],[29.87874,59.8497],[29.87872,59.84937],[29.87785,59.84876],[29.87667,59.84884],[29.87647,59.84816],[29.87986,59.84791],[29.87955,59.84394],[29.88627,59.84275],[29.88651,59.84327],[29.88695,59.84413],[29.88997,59.84892],[29.89156,59.85179],[29.89259,59.85391],[29.89497,59.85347],[29.89526,59.85403],[29.89525,59.85408],[29.89523,59.85416],[29.89525,59.85421],[29.89555,59.85463],[29.89556,59.85465],[29.9038,59.85375],[29.90379,59.85374],[29.90219,59.85019],[29.90232,59.85017],[29.90942,59.84898],[29.91023,59.85125],[29.92484,59.84874],[29.92509,59.84768],[29.94521,59.8448],[29.94426,59.8432],[29.94398,59.84273],[29.94332,59.84159],[29.94263,59.8405],[29.94192,59.8394],[29.94165,59.83867],[29.9416,59.83859],[29.9414,59.83826],[29.94073,59.83715],[29.9402,59.83627],[29.93992,59.83581],[29.93968,59.83541],[29.93918,59.83457],[29.93904,59.83434],[29.93881,59.83396],[29.93858,59.83357],[29.93828,59.83308],[29.938,59.83262],[29.93747,59.83173],[29.93718,59.83125],[29.93679,59.83059],[29.9373,59.83043],[29.93763,59.83035],[29.93797,59.83026],[29.93822,59.83024],[29.93838,59.83026],[29.93856,59.83031],[29.93871,59.8304],[29.93923,59.83081],[29.9394,59.8309],[29.94126,59.83078],[29.94434,59.82883],[29.97774,59.83419],[29.97836,59.8351],[29.97861,59.83507],[29.97894,59.83511],[29.97928,59.83502],[29.97968,59.83495],[29.98016,59.83488],[29.9807,59.83484],[29.98102,59.8348],[29.98162,59.83472],[29.98212,59.83465],[29.98253,59.83461],[29.98304,59.83458],[29.98356,59.8345],[29.98386,59.83446],[29.98418,59.83434],[29.98442,59.83435],[29.9849,59.83434],[29.98504,59.83432],[29.98511,59.83429],[29.98527,59.83417],[29.98544,59.83414],[29.98587,59.83413],[29.98646,59.83404],[29.98714,59.83388],[29.98751,59.83386],[29.98817,59.83378],[29.98847,59.83376],[29.98887,59.83378],[29.98914,59.83375],[29.98936,59.83371],[29.98957,59.8337],[29.98977,59.83371],[29.98993,59.83368],[29.99013,59.83361],[29.99028,59.83358],[29.99043,59.83358],[29.99071,59.83359],[29.991,59.83356],[29.99112,59.83358],[29.99121,59.83362],[29.99134,59.83369],[29.99145,59.83369],[29.99157,59.83366],[29.99168,59.83358],[29.99188,59.83346],[29.992,59.83342],[29.99226,59.83338],[29.99245,59.83338],[29.99254,59.83341],[29.99265,59.83353],[29.99289,59.83367],[29.99303,59.83371],[29.99307,59.83371],[29.99353,59.83377],[29.99386,59.83389],[29.99407,59.83402],[29.99437,59.83413],[29.99452,59.83429],[29.9947,59.83459],[29.99474,59.83459],[29.99474,59.83466],[29.99488,59.83486],[29.99513,59.835],[29.99532,59.83522],[29.99551,59.83539],[29.99585,59.83548],[29.9961,59.83549],[29.99628,59.83541],[29.99645,59.83525],[29.99669,59.83517],[29.99698,59.83516],[29.99736,59.83528],[29.99782,59.83552],[29.998,59.83563],[29.99829,59.8357],[29.99891,59.83601],[29.99906,59.83622],[29.99932,59.8364],[29.99962,59.83651],[29.99995,59.83656],[30.00017,59.83656],[30.00037,59.8365],[30.00071,59.83643],[30.0009,59.83641],[30.0012,59.83629],[30.00143,59.83617],[30.00162,59.8361],[30.0019,59.8361],[30.00217,59.83621],[30.0023,59.83628],[30.00262,59.83655],[30.00283,59.83678],[30.00309,59.83699],[30.00333,59.83707],[30.00357,59.8371],[30.00397,59.83708],[30.00442,59.83702],[30.00464,59.83692],[30.00479,59.83679],[30.00503,59.83673],[30.00536,59.8367],[30.00555,59.83662],[30.0059,59.83647],[30.00658,59.83639],[30.0073,59.83634],[30.00822,59.83634],[30.00883,59.83637],[30.00921,59.83637],[30.0095,59.83634],[30.00994,59.83625],[30.01028,59.83618],[30.01082,59.83602],[30.0113,59.83594],[30.01167,59.83597],[30.0122,59.83612],[30.01251,59.83622],[30.01282,59.83622],[30.01301,59.83623],[30.01315,59.83625],[30.01333,59.83618],[30.01354,59.836],[30.01362,59.83579],[30.01372,59.83553],[30.01384,59.83537],[30.01426,59.83515],[30.01476,59.83507],[30.01537,59.83507],[30.01567,59.83523],[30.01603,59.83568],[30.01622,59.83596],[30.01648,59.83608],[30.01688,59.83621],[30.01711,59.83623],[30.01742,59.8362],[30.01781,59.83613],[30.01828,59.83597],[30.01859,59.83587],[30.01873,59.83577],[30.01875,59.83569],[30.01868,59.83558],[30.01845,59.8355],[30.01819,59.83543],[30.0179,59.83534],[30.01771,59.83523],[30.01763,59.83509],[30.01767,59.83497],[30.01781,59.83488],[30.01808,59.83479],[30.01845,59.83475],[30.01883,59.83479],[30.01901,59.83479],[30.02027,59.83322],[30.0276,59.83655],[30.02815,59.83616],[30.031,59.83739],[30.03079,59.83752],[30.04425,59.8373],[30.04443,59.83715],[30.04447,59.83682],[30.04408,59.83647],[30.04389,59.83616],[30.04357,59.83608],[30.04345,59.8359],[30.04328,59.83551],[30.04296,59.83525],[30.04283,59.8351],[30.04288,59.83497],[30.04268,59.83471],[30.04227,59.83457],[30.0418,59.83441],[30.0416,59.83408],[30.04169,59.83382],[30.04193,59.83363],[30.04198,59.83342],[30.04229,59.83341],[30.0425,59.83337],[30.04262,59.83327],[30.04251,59.83316],[30.04219,59.83309],[30.04203,59.83288],[30.04204,59.83282],[30.04204,59.83273],[30.04233,59.83261],[30.04243,59.83255],[30.04234,59.83244],[30.04222,59.83239],[30.04189,59.83244],[30.04176,59.83244],[30.04161,59.83213],[30.04031,59.832],[30.04039,59.83185],[30.04045,59.83174],[30.04015,59.83166],[30.04001,59.83151],[30.04017,59.8314],[30.0404,59.83124],[30.04036,59.83092],[30.04019,59.83083],[30.04016,59.83069],[30.04011,59.83062],[30.03991,59.83064],[30.0396,59.83073],[30.03957,59.83082],[30.03939,59.83083],[30.03891,59.83069],[30.03903,59.83041],[30.03875,59.83029],[30.03889,59.83017],[30.03872,59.82999],[30.03882,59.82993],[30.0391,59.82994],[30.03919,59.82971],[30.03905,59.82949],[30.03906,59.82944],[30.03896,59.82915],[30.03877,59.82904],[30.03852,59.82904],[30.03843,59.82895],[30.03854,59.82882],[30.03888,59.82872],[30.03896,59.82853],[30.03895,59.82824],[30.0389,59.82801],[30.03913,59.8278],[30.03919,59.8276],[30.03946,59.82746],[30.03937,59.8272],[30.03933,59.82695],[30.03938,59.82683],[30.03908,59.82672],[30.03918,59.82665],[30.03954,59.82647],[30.03952,59.82627],[30.03978,59.82612],[30.03994,59.82597],[30.04029,59.82581],[30.04,59.82563],[30.04038,59.82553],[30.04068,59.82531],[30.04074,59.8251],[30.0406,59.82504],[30.04041,59.82501],[30.04037,59.82496],[30.04046,59.8249],[30.04072,59.82495],[30.0408,59.82489],[30.04082,59.82483],[30.04075,59.8245],[30.04085,59.82446],[30.0408,59.82433],[30.04068,59.82425],[30.04049,59.82425],[30.04034,59.82426],[30.04035,59.82423],[30.04028,59.82415],[30.04017,59.82415],[30.04017,59.82426],[30.03994,59.82429],[30.03984,59.82426],[30.03992,59.8242],[30.03993,59.82414],[30.03975,59.82411],[30.03962,59.82413],[30.03943,59.82412],[30.03943,59.82405],[30.03962,59.82397],[30.03964,59.82388],[30.03935,59.82366],[30.0392,59.8236],[30.03876,59.82357],[30.03871,59.82347],[30.03893,59.8234],[30.0388,59.8233],[30.0389,59.8231],[30.03861,59.82303],[30.03836,59.8229],[30.03826,59.82278],[30.03838,59.82268],[30.0386,59.82266],[30.03887,59.82259],[30.03889,59.82249],[30.03887,59.8224],[30.03877,59.82227],[30.03871,59.82212],[30.03883,59.82202],[30.03863,59.82192],[30.03859,59.8218],[30.03864,59.82172],[30.03883,59.82169],[30.03921,59.82175],[30.0395,59.82169],[30.03999,59.82167],[30.0402,59.82157],[30.04055,59.82132],[30.04079,59.82126],[30.04119,59.82124],[30.04136,59.82119],[30.04155,59.82104],[30.04196,59.82069],[30.0423,59.82036],[30.04281,59.81996],[30.0437,59.81984],[30.04428,59.81972],[30.04486,59.81955],[30.04543,59.81941],[30.04562,59.81924],[30.04564,59.81891],[30.04566,59.8186],[30.04623,59.81837],[30.04657,59.8182],[30.04697,59.81774],[30.0472,59.81769],[30.04919,59.81735],[30.04976,59.81723],[30.04991,59.81714],[30.05061,59.81708],[30.05126,59.81703],[30.05246,59.81693],[30.05264,59.8169],[30.05281,59.81684],[30.05314,59.81685],[30.05325,59.81688],[30.05362,59.81687],[30.05386,59.81686],[30.0542,59.81683],[30.05437,59.81686],[30.0546,59.81694],[30.05484,59.81706],[30.05507,59.81711],[30.0554,59.81712],[30.05557,59.81713],[30.05603,59.81717],[30.05659,59.8173],[30.05719,59.81741],[30.05735,59.81742],[30.05763,59.81745],[30.05786,59.81743],[30.0579,59.81741],[30.05817,59.81732],[30.05828,59.81726],[30.05841,59.81719],[30.05869,59.81708],[30.05888,59.81698],[30.05936,59.81689],[30.05982,59.8168],[30.06295,59.81619],[30.06367,59.81609],[30.06514,59.81603],[30.0656,59.81598],[30.06611,59.81585],[30.06649,59.81567],[30.06669,59.81561],[30.06707,59.8156],[30.0677,59.81568],[30.0685,59.8158],[30.06931,59.81583],[30.07019,59.8158],[30.0731,59.81562],[30.07471,59.81521],[30.07529,59.81523],[30.07493,59.81668],[30.07467,59.81791],[30.07458,59.81829],[30.07447,59.81866],[30.07437,59.81906],[30.07433,59.81923],[30.07422,59.81968],[30.07405,59.82036],[30.07402,59.82049],[30.074,59.82059],[30.07379,59.82151],[30.07357,59.82246],[30.07355,59.82251],[30.07354,59.82255],[30.07327,59.82358],[30.07301,59.8247],[30.07285,59.82541],[30.07269,59.82613],[30.0724,59.82725],[30.07206,59.82858],[30.072,59.82888],[30.07192,59.82924],[30.0719,59.82932],[30.07131,59.83181],[30.07069,59.83423],[30.07026,59.83621],[30.06974,59.83842],[30.07552,59.83705],[30.08359,59.83515],[30.08607,59.83461],[30.08616,59.83469],[30.08671,59.83532],[30.09155,59.83593],[30.09147,59.83725],[30.09146,59.83736],[30.09127,59.84044],[30.09125,59.84082],[30.09122,59.84132],[30.09099,59.84499],[30.09078,59.84832],[30.09068,59.85003],[30.09061,59.85104],[30.09059,59.85144],[30.09058,59.85159],[30.09056,59.8518],[30.09055,59.852],[30.09054,59.8521],[30.09053,59.85215],[30.0905,59.85267],[30.09047,59.85274],[30.09043,59.85282],[30.09039,59.85285],[30.09059,59.8529],[30.09415,59.85363],[30.09475,59.85374],[30.09523,59.85383],[30.09541,59.85385],[30.09562,59.85387],[30.09589,59.85387],[30.09615,59.85387],[30.0964,59.85385],[30.10057,59.85341],[30.1006,59.85398],[30.0984,59.85533],[30.09867,59.8581],[30.09855,59.85892],[30.09852,59.86353],[30.09751,59.86356],[30.09698,59.86366],[30.09647,59.8638],[30.09621,59.86369],[30.09594,59.86367],[30.09535,59.8636],[30.09501,59.86363],[30.09447,59.86376],[30.09415,59.8636],[30.09389,59.86358],[30.09362,59.86322],[30.09331,59.86314],[30.09288,59.86354],[30.09293,59.86383],[30.09239,59.86393],[30.09128,59.86414],[30.09001,59.8641],[30.08887,59.86376],[30.08834,59.86352],[30.08798,59.86341],[30.08741,59.86302],[30.08678,59.86301],[30.08585,59.8627],[30.08388,59.86235],[30.08237,59.86246],[30.08063,59.86246],[30.08,59.86242],[30.07958,59.86225],[30.07901,59.86231],[30.07895,59.86223],[30.07571,59.86236],[30.07542,59.86238],[30.07522,59.8624],[30.075,59.86245],[30.07456,59.86253],[30.0743,59.86258],[30.07405,59.86263],[30.07376,59.86267],[30.07357,59.86269],[30.07336,59.86271],[30.07317,59.8627],[30.07294,59.86269],[30.07271,59.86267],[30.07253,59.86265],[30.07233,59.86262],[30.07215,59.86258],[30.07198,59.86252],[30.07181,59.86246],[30.07133,59.86228],[30.07047,59.86202],[30.06957,59.86174],[30.06929,59.86167],[30.06917,59.86164],[30.06894,59.86159],[30.06837,59.86159],[30.06808,59.86159],[30.0678,59.86158],[30.06758,59.86157],[30.06738,59.86155],[30.06718,59.86152],[30.06697,59.86148],[30.06678,59.86145],[30.06656,59.86144],[30.06615,59.86134],[30.06585,59.86122],[30.06532,59.86106],[30.06461,59.8609],[30.06416,59.86077],[30.06367,59.86066],[30.06318,59.86074],[30.06282,59.86075],[30.06205,59.86068],[30.06185,59.86071],[30.06127,59.86083],[30.06065,59.86096],[30.0599,59.86136],[30.05942,59.86153],[30.05888,59.86169],[30.05863,59.86176],[30.05827,59.86174],[30.05736,59.86155],[30.05684,59.8614],[30.05626,59.86113],[30.05554,59.86114],[30.05518,59.86118],[30.05501,59.86113],[30.05494,59.86109],[30.05487,59.86106],[30.0548,59.8611],[30.05472,59.86119],[30.05459,59.8612],[30.05452,59.86121],[30.05432,59.86119],[30.05423,59.86112],[30.0542,59.86106],[30.04917,59.86154],[30.04683,59.86176],[30.04666,59.86173],[30.0466,59.86165],[30.04665,59.86158],[30.04678,59.86155],[30.04647,59.86076],[30.04587,59.86071],[30.04583,59.86066],[30.04566,59.86059],[30.04544,59.86056],[30.0453,59.86045],[30.04494,59.86045],[30.04473,59.86046],[30.04467,59.86046],[30.04468,59.86071],[30.04473,59.86087],[30.04482,59.86088],[30.04489,59.86088],[30.04493,59.86099],[30.04513,59.86151],[30.04514,59.86155],[30.04496,59.86158],[30.04504,59.86175],[30.04522,59.86174],[30.04528,59.86188],[30.04528,59.86189],[30.04481,59.86196],[30.04489,59.86259],[30.04531,59.8627],[30.04572,59.86276],[30.04577,59.86284],[30.04571,59.86291],[30.04549,59.86294],[30.04522,59.86297],[30.04504,59.86306],[30.04496,59.86319],[30.04506,59.86398],[30.04675,59.86384],[30.04683,59.86382],[30.04694,59.86382],[30.047,59.86386],[30.047,59.86391],[30.04694,59.86395],[30.04686,59.86396],[30.04678,59.86395],[30.04503,59.86415],[30.04514,59.86486],[30.04507,59.86491],[30.04497,59.86492],[30.04488,59.8649],[30.04478,59.86486],[30.04462,59.86315],[30.04451,59.863],[30.04356,59.86237],[30.04331,59.86214],[30.04083,59.86219],[30.04073,59.86219],[30.04068,59.86218],[30.04066,59.86203],[30.0397,59.86188],[30.03939,59.86193],[30.03909,59.86188],[30.03882,59.86173],[30.03836,59.86167],[30.0383,59.86173],[30.03802,59.86175],[30.03774,59.86172],[30.03753,59.86164],[30.03727,59.8616],[30.037,59.86155],[30.03659,59.86159],[30.0364,59.86154],[30.03623,59.86152],[30.03618,59.86148],[30.03616,59.86136],[30.03585,59.86134],[30.03567,59.8614],[30.03532,59.86133],[30.0352,59.86124],[30.03512,59.86103],[30.03492,59.86116],[30.03477,59.86128],[30.03471,59.86134],[30.0346,59.86136],[30.03461,59.86143],[30.03451,59.86145],[30.03444,59.86142],[30.03443,59.86135],[30.0343,59.86129],[30.03421,59.8613],[30.03416,59.86139],[30.03406,59.86139],[30.03399,59.86134],[30.0339,59.86133],[30.03389,59.86125],[30.03384,59.86122],[30.0338,59.86112],[30.0339,59.86108],[30.03417,59.86107],[30.03402,59.86101],[30.03377,59.861],[30.03366,59.86096],[30.03304,59.86097],[30.03303,59.86104],[30.03321,59.86112],[30.03305,59.86118],[30.03305,59.86129],[30.03281,59.86128],[30.03234,59.86147],[30.03215,59.86165],[30.03175,59.86176],[30.03151,59.86177],[30.0314,59.86165],[30.03152,59.86158],[30.03187,59.86157],[30.03189,59.86145],[30.03176,59.86142],[30.03169,59.86148],[30.03165,59.86143],[30.03155,59.8614],[30.03147,59.86134],[30.03147,59.86128],[30.03099,59.86135],[30.03075,59.86134],[30.03064,59.86125],[30.03052,59.86127],[30.03055,59.8613],[30.03047,59.86139],[30.02989,59.86139],[30.02968,59.86132],[30.02942,59.86134],[30.02923,59.86124],[30.02903,59.86126],[30.02869,59.8613],[30.02858,59.86122],[30.0284,59.8612],[30.02811,59.86094],[30.02787,59.86097],[30.02756,59.861],[30.02731,59.86091],[30.02708,59.86083],[30.02711,59.86075],[30.02691,59.86067],[30.02677,59.86074],[30.02645,59.86078],[30.02615,59.86072],[30.02611,59.8609],[30.02586,59.86102],[30.02552,59.8611],[30.02508,59.86105],[30.02497,59.86096],[30.02462,59.86096],[30.02453,59.86108],[30.0243,59.861],[30.02382,59.86105],[30.02356,59.86097],[30.02343,59.86098],[30.02307,59.8611],[30.02298,59.86123],[30.02319,59.86131],[30.0233,59.86135],[30.0232,59.86161],[30.02314,59.86185],[30.0228,59.86213],[30.02248,59.86226],[30.02216,59.8624],[30.02181,59.86251],[30.02145,59.86257],[30.0212,59.86264],[30.02102,59.86268],[30.0209,59.86272],[30.02072,59.8628],[30.02058,59.86295],[30.02029,59.86307],[30.01991,59.86319],[30.0197,59.86328],[30.01945,59.86344],[30.01945,59.8635],[30.01969,59.86367],[30.01963,59.86378],[30.02011,59.86417],[30.0197,59.86463],[30.01963,59.86461],[30.01996,59.86421],[30.01903,59.86362],[30.01811,59.86411],[30.01903,59.8649],[30.01877,59.86499],[30.01764,59.86417],[30.01713,59.86419],[30.01655,59.86421],[30.01632,59.86429],[30.0163,59.86447],[30.01581,59.86447],[30.01561,59.86467],[30.01548,59.86459],[30.01534,59.86438],[30.01521,59.86441],[30.01523,59.86471],[30.0151,59.86515],[30.01484,59.86539],[30.01459,59.86549],[30.01446,59.86554],[30.0142,59.86569],[30.01413,59.86584],[30.01398,59.86601],[30.01379,59.86605],[30.01352,59.86626],[30.01321,59.86616],[30.01273,59.86586],[30.01243,59.86574],[30.01234,59.86555],[30.01217,59.86552],[30.01207,59.8656],[30.01188,59.86546],[30.01194,59.86521],[30.01216,59.86504],[30.01237,59.86493],[30.0127,59.86474],[30.01239,59.86459],[30.01229,59.86438],[30.0109,59.86446],[30.01077,59.86467],[30.01083,59.86488],[30.01064,59.86495],[30.01083,59.86537],[30.01093,59.86562],[30.01114,59.86586],[30.01084,59.86562],[30.01073,59.86541],[30.01049,59.86538],[30.0103,59.86528],[30.00994,59.86511],[30.00973,59.86506],[30.00955,59.86496],[30.00901,59.86491],[30.00869,59.86497],[30.00822,59.86513],[30.00785,59.86541],[30.00756,59.86564],[30.00736,59.8661],[30.00677,59.86622],[30.00655,59.86601],[30.00608,59.86591],[30.00573,59.86599],[30.00566,59.86616],[30.00468,59.86622],[30.00385,59.86616],[30.00364,59.8663],[30.00268,59.86628],[30.00196,59.86656],[30.00176,59.86705],[30.0014,59.8672],[30.00078,59.86725],[30.00062,59.86738],[30.00076,59.86761],[30.00059,59.86787],[30.00044,59.86808],[30.00023,59.86804],[30.00019,59.86794],[29.99991,59.86812],[30.00011,59.86834],[30.00021,59.8685],[30.0004,59.86858],[30.00038,59.86871],[30.00005,59.86866],[29.99984,59.86877],[29.9997,59.86865],[29.99937,59.86863],[29.99925,59.8687],[29.99901,59.86864],[29.99843,59.86855],[29.9978,59.86853],[29.99701,59.86862],[29.99665,59.86884],[29.99644,59.86935],[29.99554,59.86971],[29.99474,59.87029],[29.99353,59.87096],[29.9929,59.87124],[29.99193,59.87148],[29.99141,59.87161],[29.99028,59.87167],[29.98955,59.87207],[29.98847,59.87283],[29.98849,59.87349],[29.98618,59.87455],[29.98491,59.87423],[29.98317,59.87487],[29.98221,59.87519],[29.98154,59.87531],[29.98077,59.8757],[29.98054,59.87644],[29.97949,59.87739],[29.97833,59.87755],[29.9772,59.87808],[29.97758,59.87852],[29.97667,59.87889],[29.97517,59.87899],[29.97443,59.87958],[29.97362,59.87968],[29.97252,59.87936],[29.96956,59.87956],[29.96849,59.87996],[29.96843,59.88088],[29.96821,59.88152],[29.96717,59.8813],[29.96675,59.88095],[29.9667,59.88075],[29.96624,59.88076],[29.96616,59.88098],[29.96699,59.88145],[29.96668,59.88175],[29.96614,59.88201],[29.96544,59.88181],[29.96583,59.88121],[29.96522,59.88099],[29.96505,59.88114],[29.96547,59.88132],[29.9653,59.88148],[29.96416,59.88163],[29.96464,59.88193],[29.96478,59.88222],[29.96458,59.88254],[29.96395,59.88254],[29.96362,59.88208],[29.96315,59.88198],[29.96281,59.88212],[29.96334,59.88224],[29.96315,59.88271],[29.96261,59.88285],[29.96207,59.8827],[29.96231,59.88255],[29.96197,59.88234],[29.96144,59.88222],[29.96096,59.88224],[29.96077,59.88269],[29.96006,59.88278],[29.95971,59.8826],[29.95884,59.88271],[29.95784,59.88333],[29.95734,59.8834],[29.95695,59.88348],[29.95659,59.88365],[29.95644,59.88355],[29.95601,59.8835],[29.95576,59.88358],[29.95572,59.88372],[29.95538,59.88381],[29.95535,59.88406],[29.95553,59.88409],[29.95559,59.88421],[29.95537,59.88428],[29.9554,59.88443],[29.95475,59.88455],[29.95438,59.8844],[29.95427,59.88411],[29.95385,59.88379],[29.95374,59.88395],[29.95394,59.88423],[29.95375,59.88441],[29.95354,59.88446],[29.95295,59.88433],[29.95298,59.88422],[29.95252,59.88397],[29.95212,59.88426],[29.95208,59.8843],[29.95229,59.88449],[29.95232,59.88474],[29.95222,59.88627],[29.95217,59.88703],[29.95219,59.88729],[29.95219,59.88735],[29.95236,59.88734],[29.95233,59.88739],[29.95215,59.88741],[29.95211,59.88738],[29.9521,59.88705],[29.95189,59.88706],[29.95185,59.88749],[29.95177,59.88754],[29.95168,59.88759],[29.95163,59.88758],[29.95176,59.8875],[29.95186,59.88624],[29.95184,59.88557],[29.95186,59.88525],[29.95119,59.88541],[29.95079,59.8853],[29.95037,59.88544],[29.95001,59.88543],[29.94982,59.88531],[29.9496,59.88536],[29.9493,59.88535],[29.94889,59.8853],[29.9488,59.8854],[29.94864,59.88546],[29.94823,59.88534],[29.94822,59.88516],[29.94816,59.88514],[29.94808,59.88526],[29.94788,59.88541],[29.94741,59.88542],[29.94709,59.8854],[29.94686,59.88534],[29.94654,59.8853],[29.94635,59.88523],[29.94623,59.88506],[29.94631,59.88485],[29.94611,59.88498],[29.94598,59.88496],[29.94593,59.88489],[29.94596,59.88482],[29.94598,59.88477],[29.94583,59.88477],[29.94534,59.88475],[29.9454,59.88484],[29.94511,59.88487],[29.94461,59.88486],[29.94449,59.88499],[29.94445,59.88509],[29.9441,59.88521],[29.9439,59.8852],[29.94381,59.88524],[29.94362,59.88526],[29.94339,59.88514],[29.94335,59.88503],[29.94343,59.88482],[29.94333,59.8848],[29.94305,59.88479],[29.94279,59.88481],[29.94284,59.88498],[29.94291,59.88509],[29.94291,59.88527],[29.94282,59.88541],[29.94272,59.8855],[29.94235,59.88554],[29.94226,59.8856],[29.94218,59.8856],[29.94218,59.88553],[29.94213,59.88544],[29.94202,59.8854],[29.94209,59.88518],[29.94209,59.88499],[29.942,59.88501],[29.94184,59.88501],[29.9417,59.8851],[29.94167,59.88533],[29.94174,59.88563],[29.94198,59.88563],[29.94209,59.8857],[29.94208,59.88576],[29.94197,59.88581],[29.9413,59.88591],[29.94133,59.88604],[29.94127,59.8861],[29.94111,59.8861],[29.94098,59.88605],[29.941,59.88571],[29.94042,59.88552],[29.93955,59.88535],[29.93874,59.88524],[29.93752,59.88508],[29.9369,59.88502],[29.93629,59.88506],[29.93551,59.88508],[29.93328,59.88528],[29.93315,59.88531],[29.93317,59.88542],[29.93308,59.88543],[29.93294,59.88538],[29.93261,59.88531],[29.93219,59.88529],[29.9319,59.8853],[29.93142,59.88532],[29.93051,59.88545],[29.92992,59.88563],[29.92965,59.88564],[29.92916,59.88579],[29.9286,59.88577],[29.9281,59.88585],[29.92803,59.88586],[29.92754,59.88578],[29.92605,59.88566],[29.92544,59.8858],[29.9239,59.88579],[29.92341,59.8858],[29.92322,59.88584],[29.92306,59.88586],[29.92291,59.88585],[29.92273,59.88589],[29.92263,59.88596],[29.92243,59.88596],[29.92195,59.88596],[29.92155,59.88598],[29.92102,59.88606],[29.92067,59.88614],[29.92069,59.88653],[29.92021,59.88685],[29.92031,59.88718],[29.91985,59.88727],[29.91973,59.88734],[29.91932,59.88741],[29.91838,59.88751],[29.9182,59.88733],[29.91776,59.88736],[29.91764,59.8873],[29.91709,59.88732],[29.9164,59.88731],[29.91336,59.88757],[29.91268,59.88771],[29.91194,59.88799],[29.91148,59.88838],[29.91154,59.8885],[29.91221,59.88885],[29.91283,59.88951],[29.91334,59.88975],[29.91355,59.88987],[29.91372,59.88983],[29.91416,59.89004],[29.91437,59.89017],[29.91421,59.89024],[29.91372,59.89021],[29.91391,59.89059],[29.91397,59.89062],[29.91409,59.89083],[29.91391,59.89086],[29.91379,59.89065],[29.91384,59.8906],[29.91357,59.89022],[29.9124,59.89039],[29.91226,59.8904],[29.91195,59.89045],[29.91202,59.89056],[29.91199,59.89061],[29.91192,59.89064],[29.91128,59.89072],[29.91119,59.89066],[29.91108,59.89044],[29.91127,59.88996],[29.91089,59.88948],[29.90992,59.88927],[29.90925,59.88917],[29.90804,59.88907],[29.90719,59.88907],[29.90627,59.88897],[29.90566,59.88897],[29.90469,59.88899],[29.90364,59.88925],[29.90116,59.88929],[29.89965,59.88957],[29.89846,59.88976],[29.89717,59.88996],[29.89653,59.89007],[29.89553,59.8902],[29.89503,59.89029],[29.89486,59.89033],[29.89501,59.89043],[29.89502,59.89058],[29.89496,59.89066],[29.89439,59.89076],[29.89426,59.89085],[29.89428,59.89098],[29.89436,59.89138],[29.89399,59.89145],[29.8938,59.89156],[29.89346,59.89166],[29.89339,59.89172],[29.89333,59.89177],[29.89311,59.89184],[29.8931,59.89188],[29.89312,59.89196],[29.89303,59.89207],[29.89291,59.89213],[29.89278,59.89215],[29.89265,59.89215],[29.8926,59.89216],[29.89258,59.89214],[29.89255,59.89211],[29.89252,59.89211],[29.89249,59.89207],[29.89247,59.89203],[29.89238,59.892],[29.89231,59.89185],[29.89236,59.89183],[29.8924,59.89179],[29.89237,59.89172],[29.89236,59.89168],[29.89234,59.89164],[29.89229,59.89165],[29.89229,59.8917],[29.89226,59.89172],[29.8922,59.8917],[29.89218,59.89166],[29.89213,59.8916],[29.89213,59.89154],[29.89207,59.89154],[29.89201,59.89161],[29.89194,59.89166],[29.89173,59.89169],[29.89161,59.89172],[29.89137,59.89174],[29.89112,59.89174],[29.89112,59.89181],[29.89131,59.89206],[29.89209,59.89345],[29.89185,59.89359],[29.89162,59.89361],[29.89134,59.8936],[29.8905,59.89351],[29.88966,59.89326],[29.88899,59.89309],[29.88843,59.89298],[29.88806,59.89289],[29.88807,59.89308],[29.8876,59.89328],[29.88718,59.89299],[29.88777,59.89283],[29.88774,59.89272],[29.88739,59.89276],[29.88707,59.89284],[29.88674,59.89288],[29.88659,59.89279],[29.88636,59.89292],[29.88619,59.89286],[29.88604,59.89299],[29.88631,59.89299],[29.8864,59.89313],[29.88622,59.89325],[29.8864,59.89326],[29.88646,59.89331],[29.88635,59.89335],[29.88635,59.89344],[29.88629,59.89355],[29.88618,59.89357],[29.88616,59.89365],[29.88605,59.89367],[29.88582,59.89367],[29.88568,59.89361],[29.88561,59.89348],[29.88569,59.8934],[29.88562,59.89333],[29.88565,59.89325],[29.88537,59.89324],[29.88515,59.89312],[29.88456,59.89324],[29.88452,59.89307],[29.88413,59.89307],[29.88386,59.89309],[29.88384,59.89318],[29.88373,59.89339],[29.88333,59.89344],[29.8827,59.89354],[29.88122,59.89375],[29.88051,59.89385],[29.88032,59.89397],[29.88028,59.89415],[29.88018,59.89435],[29.87969,59.89416],[29.87948,59.89431],[29.87972,59.89475],[29.8787,59.89448],[29.87847,59.89463],[29.87747,59.89531],[29.87678,59.89554],[29.87613,59.89574],[29.87553,59.89595],[29.87511,59.89625],[29.87513,59.89766],[29.87489,59.89781],[29.87318,59.89804],[29.872,59.89798],[29.87145,59.89809],[29.87104,59.89821],[29.8692,59.89837],[29.86792,59.89847],[29.86804,59.89896],[29.86779,59.89902],[29.86725,59.89897],[29.86698,59.89897],[29.86666,59.89896],[29.86584,59.89885],[29.86566,59.89881],[29.86529,59.89878],[29.86497,59.89877],[29.86471,59.89879],[29.86446,59.89886],[29.86439,59.89901],[29.86426,59.89914],[29.86373,59.89927],[29.86323,59.89935],[29.86238,59.89939],[29.86165,59.89938],[29.8612,59.89942],[29.86097,59.89946],[29.86081,59.89951],[29.85974,59.89952],[29.85943,59.89952],[29.85917,59.89955],[29.8592,59.89961],[29.85931,59.89967],[29.8594,59.89976],[29.85942,59.89999],[29.85913,59.90021],[29.85867,59.90043],[29.85845,59.90042],[29.8583,59.90028],[29.8581,59.90031],[29.85802,59.90042],[29.85787,59.90051],[29.85745,59.90057],[29.85731,59.90056],[29.8571,59.90049],[29.85688,59.90039],[29.85654,59.9003],[29.85642,59.90017],[29.8565,59.90001],[29.85668,59.89986],[29.85682,59.8998],[29.85691,59.89974],[29.85693,59.89966],[29.85699,59.89959],[29.85729,59.89944],[29.85727,59.89939],[29.85718,59.89934],[29.85683,59.89938],[29.85657,59.89943],[29.8563,59.8995],[29.85623,59.89949],[29.85618,59.89948],[29.85595,59.8994],[29.85566,59.89933],[29.85551,59.89932],[29.85534,59.89933],[29.85506,59.89937],[29.85476,59.89945],[29.85456,59.89954],[29.85448,59.89962],[29.85446,59.89975],[29.85445,59.89987],[29.8544,59.9],[29.85432,59.90006],[29.85442,59.90013],[29.85455,59.90012],[29.85467,59.90019],[29.85483,59.90034],[29.8549,59.90047],[29.85483,59.90058],[29.85468,59.90065],[29.85473,59.90071],[29.85503,59.90073],[29.85526,59.90077],[29.85537,59.9009],[29.85536,59.90106],[29.85516,59.90126],[29.85486,59.9014],[29.85434,59.90142],[29.85389,59.90162],[29.85306,59.90189],[29.85273,59.90194],[29.85235,59.90192],[29.85211,59.90171],[29.85189,59.90145],[29.852,59.90116],[29.85189,59.90113],[29.85151,59.90121],[29.85115,59.9011],[29.85096,59.90094],[29.85064,59.90095],[29.85024,59.901],[29.84993,59.90092],[29.84962,59.90075],[29.8495,59.90056],[29.84926,59.90052],[29.84912,59.9006],[29.84892,59.90071],[29.84872,59.9007],[29.84833,59.90063],[29.84778,59.90059],[29.8475,59.90065],[29.84727,59.90063],[29.84715,59.90065],[29.84696,59.90076],[29.84657,59.90082],[29.8461,59.90086],[29.84589,59.90095],[29.84574,59.901],[29.84547,59.90091],[29.84526,59.90092],[29.84525,59.90098],[29.84528,59.90106],[29.84519,59.9011],[29.84507,59.90111],[29.84488,59.90107],[29.84462,59.90099],[29.84445,59.90093],[29.84432,59.90089],[29.84426,59.90094],[29.8442,59.90117],[29.84411,59.9012],[29.84395,59.90126],[29.84376,59.90132],[29.84345,59.90136],[29.84317,59.90144],[29.84306,59.90152],[29.84271,59.90165],[29.84236,59.90159],[29.84201,59.90174],[29.84207,59.90193],[29.84203,59.90203],[29.84195,59.90212],[29.8417,59.90214],[29.84143,59.9021],[29.84125,59.9021],[29.84114,59.90207],[29.84105,59.90204],[29.84096,59.90199],[29.84093,59.90199],[29.84087,59.90197],[29.84084,59.90197],[29.84084,59.90193],[29.8408,59.9019],[29.84065,59.90187],[29.84057,59.90191],[29.84048,59.9019],[29.84045,59.90184],[29.84048,59.90177],[29.84053,59.90153],[29.84047,59.90149],[29.84038,59.90146],[29.84029,59.90145],[29.8402,59.90144],[29.84014,59.90149],[29.84006,59.90156],[29.83992,59.9016],[29.83977,59.90161],[29.83952,59.90156],[29.8393,59.90148],[29.83927,59.9014],[29.83912,59.90137],[29.83911,59.90134],[29.83908,59.90131],[29.83898,59.90133],[29.83894,59.90132],[29.83892,59.90128],[29.83885,59.90123],[29.83866,59.90096],[29.83844,59.90062],[29.83716,59.90151],[29.83687,59.9019],[29.83688,59.90203],[29.83681,59.9022],[29.83652,59.90231],[29.83625,59.90237],[29.83538,59.9024],[29.8342,59.90272],[29.83422,59.90286],[29.83354,59.90305],[29.8329,59.90304],[29.83217,59.90302],[29.8317,59.90286],[29.83135,59.90303],[29.8307,59.90298],[29.82963,59.90317],[29.82843,59.90361],[29.8273,59.90374],[29.8268,59.90364],[29.82483,59.90404],[29.82434,59.90439],[29.82402,59.90451],[29.82339,59.90449],[29.82299,59.90453],[29.82286,59.90477],[29.82328,59.90535],[29.82328,59.90557],[29.82295,59.9057],[29.82215,59.90578],[29.82177,59.90573],[29.82143,59.90569],[29.81989,59.90575],[29.81777,59.90671],[29.81717,59.90735],[29.81671,59.9074],[29.81653,59.90735],[29.81619,59.90736],[29.81579,59.90733],[29.8154,59.90735],[29.81413,59.9075],[29.81349,59.90777],[29.81267,59.90786],[29.81252,59.90806],[29.81163,59.90838],[29.81155,59.90867],[29.81131,59.90886],[29.81099,59.90892],[29.81095,59.90903],[29.8104,59.90906],[29.80988,59.90906],[29.80896,59.90914],[29.80756,59.90922],[29.80495,59.90994],[29.80261,59.91001],[29.80182,59.91025],[29.80123,59.91042],[29.79915,59.91085],[29.79931,59.9115],[29.79782,59.91197],[29.798,59.91235],[29.79787,59.91244],[29.79736,59.91244],[29.79754,59.91277],[29.79739,59.91293],[29.79702,59.91298],[29.79685,59.91329],[29.79692,59.91342],[29.79673,59.91355],[29.79646,59.91356],[29.79626,59.9135],[29.79592,59.91322],[29.79509,59.91236],[29.79849,59.9113],[29.79835,59.91117],[29.79467,59.91229],[29.79263,59.91258],[29.79281,59.91273],[29.79457,59.91256],[29.79522,59.91318],[29.79553,59.91317],[29.79568,59.91351],[29.7946,59.91392],[29.79374,59.91422],[29.79398,59.91438],[29.79418,59.91458],[29.79406,59.91476],[29.79378,59.91485],[29.78886,59.91618],[29.7885,59.91616],[29.78815,59.91592],[29.78782,59.91621],[29.78725,59.91648],[29.78682,59.91648],[29.78831,59.91789],[29.78802,59.918],[29.78435,59.9148],[29.78232,59.91519],[29.78175,59.91498],[29.78104,59.9152],[29.78014,59.91548],[29.78032,59.91597],[29.78071,59.91634],[29.78093,59.91685],[29.78092,59.91701],[29.78093,59.91743],[29.78097,59.91756],[29.78113,59.91785],[29.781,59.9183],[29.78067,59.91866],[29.77973,59.91919],[29.77901,59.91959],[29.77864,59.9201],[29.77885,59.92021],[29.77949,59.92067],[29.78014,59.92109],[29.77901,59.92162],[29.77825,59.9213],[29.77818,59.92133],[29.77895,59.92167],[29.77885,59.92172],[29.7771,59.92091],[29.77739,59.92074],[29.7769,59.9205],[29.7767,59.92061],[29.77499,59.91984],[29.77503,59.91962],[29.77243,59.91849],[29.77175,59.91878],[29.77189,59.91885],[29.7751,59.92033],[29.77503,59.92036],[29.77515,59.92041],[29.77504,59.9205],[29.77659,59.92121],[29.77541,59.92178],[29.77681,59.92267],[29.77758,59.9233],[29.77878,59.92429],[29.77953,59.92524],[29.78097,59.92706],[29.78197,59.92917],[29.77948,59.93041],[29.77928,59.93054],[29.77719,59.93012],[29.77478,59.92965],[29.77228,59.92917],[29.77149,59.92932],[29.76891,59.92862],[29.76827,59.92844],[29.76729,59.92788],[29.76578,59.92828],[29.76378,59.92911],[29.76225,59.92899],[29.76073,59.92948],[29.75837,59.92995],[29.75644,59.92935],[29.75667,59.92881],[29.75553,59.92866],[29.75323,59.92955],[29.75304,59.93032],[29.7528,59.93046],[29.75178,59.93048],[29.75027,59.93077],[29.75003,59.9309],[29.74995,59.93107],[29.75031,59.93115],[29.75033,59.93141],[29.74982,59.93142],[29.74963,59.93125],[29.74845,59.93128],[29.74831,59.9317],[29.74747,59.93181],[29.74757,59.93198],[29.74761,59.93249],[29.74742,59.93326],[29.74638,59.93303],[29.74642,59.93354],[29.74439,59.93371],[29.74287,59.93374],[29.73983,59.93406],[29.73676,59.93399],[29.73681,59.9345],[29.73427,59.9347],[29.72867,59.9348],[29.72763,59.93457],[29.72709,59.93432],[29.72659,59.93433],[29.72508,59.93462],[29.72457,59.93463],[29.72251,59.93442],[29.72048,59.93446],[29.71897,59.93475],[29.71591,59.93481],[29.71436,59.93458],[29.7141,59.93446],[29.7138,59.93396],[29.71347,59.93405],[29.71281,59.93436],[29.7113,59.93452],[29.71122,59.93363],[29.71061,59.93354],[29.71066,59.93405],[29.71014,59.93393],[29.70963,59.93394],[29.70812,59.93423],[29.70761,59.93424],[29.70606,59.93402],[29.70555,59.93403],[29.70515,59.9341],[29.70661,59.93653],[29.70646,59.93658],[29.70644,59.93721],[29.68458,59.93715],[29.68461,59.93526],[29.67201,59.93523],[29.67216,59.93552],[29.67227,59.93591],[29.67268,59.93645],[29.67254,59.93647],[29.67279,59.93693],[29.67284,59.93721],[29.67297,59.93723],[29.67303,59.93726],[29.67308,59.93737],[29.67304,59.93741],[29.67254,59.9375],[29.67239,59.93754],[29.67207,59.9376],[29.672,59.93761],[29.67124,59.93769],[29.67057,59.93769],[29.67052,59.93766],[29.67049,59.93752],[29.67058,59.93748],[29.67004,59.93675],[29.66997,59.93663],[29.66984,59.93648],[29.66983,59.93629],[29.66963,59.93555],[29.66929,59.93522],[29.66916,59.93513],[29.66877,59.93501],[29.66824,59.93485],[29.668,59.93475],[29.66759,59.93464],[29.66562,59.93409],[29.66456,59.93385],[29.66088,59.93295],[29.65648,59.93185],[29.65402,59.93124],[29.65157,59.93057],[29.64951,59.93017],[29.64754,59.92986]]]]}},{"type":"Feature","properties":{"osm_id":1115367,"name":"Приморский район"},"geometry":{"type":"MultiPolygon","coordinates":[[[[29.95521,60.03745],[29.95543,60.03701],[29.95578,60.03647],[29.95642,60.03558],[29.95683,60.03507],[29.95709,60.03503],[29.95797,60.03514],[29.96045,60.03535],[29.96389,60.03567],[29.96483,60.03353],[29.96682,60.0288],[29.9657,60.02845],[29.96588,60.0283],[29.96692,60.02859],[29.96721,60.02791],[29.96693,60.02785],[29.96723,60.02731],[29.96746,60.02729],[29.96817,60.02555],[29.96733,60.02548],[29.96663,60.02513],[29.96476,60.02495],[29.9624,60.02475],[29.96193,60.0249],[29.96113,60.02694],[29.9615,60.02758],[29.96227,60.02783],[29.96096,60.02778],[29.96019,60.02881],[29.95854,60.03248],[29.95873,60.03256],[29.95867,60.03287],[29.95902,60.033],[29.96023,60.03307],[29.96117,60.03306],[29.96223,60.03311],[29.9627,60.03302],[29.96315,60.03314],[29.96362,60.03311],[29.96347,60.03343],[29.96315,60.03354],[29.96291,60.03339],[29.96006,60.03322],[29.95891,60.03317],[29.9585,60.03321],[29.95822,60.03337],[29.95765,60.03328],[29.95773,60.03273],[29.95783,60.03251],[29.95842,60.03136],[29.95885,60.0302],[29.95914,60.02944],[29.96,60.02762],[29.9603,60.02689],[29.96083,60.02601],[29.9613,60.02483],[29.96162,60.02405],[29.96221,60.02247],[29.96251,60.02177],[29.96237,60.02147],[29.96239,60.0214],[29.96275,60.02131],[29.96327,60.02129],[29.96388,60.02118],[29.96386,60.02092],[29.96322,60.02107],[29.96247,60.02114],[29.96223,60.02102],[29.96267,60.02042],[29.96264,60.01914],[29.9627,60.01878],[29.96284,60.01862],[29.96308,60.01851],[29.96368,60.01832],[29.96565,60.01819],[29.96667,60.01817],[29.96764,60.01811],[29.96783,60.0181],[29.96828,60.0181],[29.96764,60.01751],[29.96663,60.01766],[29.96612,60.01767],[29.96507,60.01744],[29.96481,60.01732],[29.96451,60.01681],[29.96348,60.01671],[29.96319,60.01655],[29.9625,60.0165],[29.96224,60.01602],[29.96323,60.01566],[29.96432,60.01547],[29.96503,60.01519],[29.96366,60.01481],[29.96293,60.01462],[29.96247,60.01404],[29.96246,60.01379],[29.96283,60.01365],[29.96337,60.01344],[29.96389,60.01273],[29.96438,60.01246],[29.96434,60.01222],[29.96382,60.01196],[29.9638,60.01171],[29.96418,60.01138],[29.96516,60.01132],[29.9657,60.01099],[29.96349,60.01003],[29.96261,60.00965],[29.96272,60.00957],[29.96278,60.00953],[29.96354,60.00983],[29.9642,60.0101],[29.96609,60.01087],[29.96691,60.01056],[29.96875,60.01071],[29.96909,60.01052],[29.96942,60.01031],[29.96995,60.01043],[29.97081,60.01026],[29.97126,60.00989],[29.97154,60.00966],[29.97387,60.00949],[29.97446,60.00922],[29.97416,60.00898],[29.97444,60.00873],[29.97504,60.00883],[29.97604,60.0085],[29.97622,60.00852],[29.97675,60.00857],[29.97767,60.0085],[29.97773,60.00843],[29.97732,60.00836],[29.97725,60.00831],[29.97749,60.00821],[29.97914,60.00802],[29.97926,60.00801],[29.97984,60.00784],[29.98041,60.00797],[29.98119,60.00769],[29.98238,60.00741],[29.98365,60.00728],[29.9844,60.00683],[29.98471,60.0068],[29.98507,60.00677],[29.98525,60.0066],[29.98705,60.00648],[29.98788,60.00642],[29.98853,60.0061],[29.98932,60.00587],[29.99104,60.0054],[29.99137,60.00528],[29.99187,60.00528],[29.99291,60.00497],[29.99314,60.00483],[29.99322,60.00478],[29.99353,60.00464],[29.99373,60.00458],[29.99402,60.00458],[29.99441,60.00444],[29.99443,60.00437],[29.99438,60.0043],[29.99471,60.00421],[29.99478,60.00414],[29.9948,60.00407],[29.99539,60.00389],[29.99559,60.00387],[29.99594,60.00375],[29.99591,60.00365],[29.99626,60.0035],[29.99711,60.00344],[29.99743,60.00325],[29.9974,60.00322],[29.99752,60.00308],[29.99776,60.00303],[29.99846,60.00301],[29.99877,60.00308],[29.99884,60.00313],[29.99925,60.00303],[29.99934,60.00304],[29.99959,60.0031],[29.99969,60.00315],[29.99994,60.00324],[30.00016,60.00327],[30.0004,60.00323],[30.00045,60.00316],[30.00102,60.00302],[30.00163,60.00286],[30.00217,60.00272],[30.00256,60.00263],[30.00305,60.00248],[30.00339,60.00238],[30.00404,60.0022],[30.00454,60.00196],[30.00528,60.00157],[30.0057,60.00123],[30.00598,60.00099],[30.0063,60.00078],[30.00649,60.00049],[30.00657,60.00029],[30.00644,60.00017],[30.0055,59.99976],[30.00511,59.99965],[30.00498,59.99934],[30.0051,59.99894],[30.00546,59.99877],[30.00584,59.99871],[30.00629,59.99853],[30.00715,59.99854],[30.00817,59.99895],[30.00869,59.99882],[30.01061,59.99881],[30.01168,59.99849],[30.01151,59.99828],[30.01166,59.998],[30.01218,59.99757],[30.0129,59.99718],[30.0123,59.99655],[30.01271,59.99546],[30.01134,59.99516],[30.01016,59.99457],[30.00986,59.99433],[30.00981,59.99408],[30.00976,59.99386],[30.01006,59.99361],[30.01007,59.99329],[30.01021,59.99315],[30.01064,59.99305],[30.01091,59.99293],[30.0111,59.99276],[30.01139,59.9927],[30.01184,59.99275],[30.01236,59.99276],[30.01305,59.99266],[30.01339,59.99278],[30.01364,59.99317],[30.01393,59.99376],[30.0146,59.99391],[30.01519,59.99411],[30.01584,59.99415],[30.01603,59.9942],[30.01642,59.99403],[30.01715,59.99401],[30.0171,59.99355],[30.01761,59.9932],[30.0187,59.99314],[30.01988,59.99325],[30.02011,59.99341],[30.01996,59.99352],[30.01896,59.99381],[30.01815,59.99358],[30.01843,59.99382],[30.01822,59.99431],[30.01668,59.99496],[30.01625,59.99523],[30.01663,59.99547],[30.01655,59.9956],[30.01514,59.99694],[30.01378,59.99786],[30.01318,59.99852],[30.0132,59.99894],[30.01344,59.99944],[30.01379,60.00025],[30.01384,60.00026],[30.01398,60.00024],[30.01408,60.00021],[30.0141,60.00016],[30.01353,59.99897],[30.0136,59.99847],[30.01364,59.99845],[30.01369,59.99848],[30.01365,59.99897],[30.01412,59.99992],[30.0142,60.00002],[30.01424,60.00003],[30.01432,60.00001],[30.01448,60.0],[30.01452,60.00001],[30.01481,59.99998],[30.01555,59.99976],[30.0155,59.9997],[30.01596,59.99962],[30.016,59.99962],[30.01608,59.99964],[30.01606,59.9996],[30.01587,59.99939],[30.01575,59.99938],[30.0155,59.99942],[30.01511,59.99948],[30.01489,59.99956],[30.01481,59.9996],[30.01467,59.99962],[30.01458,59.99959],[30.01445,59.99946],[30.01428,59.99942],[30.01423,59.99934],[30.01415,59.99921],[30.0141,59.99915],[30.014,59.99901],[30.01394,59.99845],[30.01404,59.99809],[30.01455,59.99755],[30.01489,59.99737],[30.01525,59.9972],[30.01536,59.99714],[30.01552,59.99703],[30.01586,59.99673],[30.01598,59.99659],[30.01622,59.9963],[30.01647,59.99608],[30.01679,59.99585],[30.01689,59.99573],[30.01713,59.99552],[30.01741,59.99529],[30.01781,59.99506],[30.01815,59.99482],[30.01827,59.99472],[30.01836,59.9947],[30.01842,59.99471],[30.01842,59.99474],[30.01838,59.99476],[30.01796,59.99506],[30.01758,59.99529],[30.01715,59.99575],[30.0173,59.99582],[30.01777,59.9959],[30.01835,59.99589],[30.01888,59.99599],[30.01945,59.996],[30.01966,59.9961],[30.01996,59.9966],[30.02048,59.99672],[30.02125,59.99709],[30.02119,59.99741],[30.02162,59.99733],[30.02168,59.99764],[30.02207,59.99797],[30.02235,59.99801],[30.02282,59.99791],[30.02262,59.99756],[30.02376,59.99756],[30.02482,59.99757],[30.02569,59.99775],[30.02585,59.99742],[30.02645,59.99743],[30.02647,59.99764],[30.02823,59.99757],[30.0284,59.9974],[30.0294,59.9973],[30.03003,59.99743],[30.03046,59.99763],[30.03074,59.99801],[30.03112,59.9975],[30.03235,59.99717],[30.03266,59.99674],[30.03272,59.99706],[30.03254,59.99732],[30.03248,59.99756],[30.03153,59.99791],[30.03132,59.99818],[30.03187,59.99825],[30.03301,59.99846],[30.03308,59.99875],[30.03329,59.99886],[30.03381,59.99878],[30.03424,59.99858],[30.03466,59.9986],[30.03554,59.99853],[30.0358,59.99828],[30.03694,59.99814],[30.03724,59.998],[30.03752,59.99803],[30.03795,59.99791],[30.03854,59.99801],[30.03943,59.99812],[30.04006,59.99816],[30.03975,59.99779],[30.04006,59.99766],[30.04097,59.99819],[30.042,59.99824],[30.04243,59.99829],[30.0429,59.99858],[30.04539,59.99894],[30.04617,59.99862],[30.04679,59.99877],[30.04823,59.99866],[30.04977,59.9985],[30.05026,59.99831],[30.05099,59.99854],[30.05144,59.99866],[30.05184,59.99856],[30.05374,59.99844],[30.05496,59.99821],[30.05623,59.99794],[30.05687,59.99789],[30.05756,59.99773],[30.059,59.99759],[30.05931,59.99716],[30.06011,59.99706],[30.06028,59.99681],[30.0611,59.99656],[30.06198,59.99657],[30.06293,59.99677],[30.06335,59.99673],[30.06401,59.99686],[30.06434,59.99691],[30.06442,59.99703],[30.06494,59.99716],[30.06567,59.99698],[30.06705,59.99718],[30.06833,59.99696],[30.06952,59.99676],[30.07161,59.99655],[30.07362,59.99622],[30.07493,59.99594],[30.07567,59.99581],[30.07606,59.99579],[30.07676,59.99559],[30.0773,59.99551],[30.0778,59.9954],[30.07825,59.99528],[30.0787,59.99526],[30.07963,59.99498],[30.08045,59.9948],[30.08082,59.99476],[30.08111,59.99471],[30.08172,59.99469],[30.08232,59.99461],[30.08336,59.99456],[30.08403,59.99459],[30.08462,59.99458],[30.08534,59.99462],[30.08575,59.99452],[30.086,59.99449],[30.08633,59.99441],[30.08667,59.99435],[30.08741,59.99444],[30.08778,59.99441],[30.08824,59.99414],[30.0887,59.9942],[30.08854,59.99431],[30.08912,59.99454],[30.08979,59.99427],[30.09069,59.9943],[30.09139,59.99414],[30.09201,59.99409],[30.09363,59.9936],[30.09466,59.99328],[30.09576,59.9928],[30.09585,59.99259],[30.09551,59.99235],[30.0959,59.99195],[30.09604,59.99151],[30.09677,59.99143],[30.09704,59.99168],[30.09692,59.99184],[30.09729,59.9922],[30.09731,59.99234],[30.09756,59.99239],[30.09797,59.99261],[30.09834,59.99228],[30.09856,59.99204],[30.09855,59.99193],[30.0982,59.99181],[30.09827,59.99164],[30.09813,59.99153],[30.09826,59.9914],[30.09809,59.99132],[30.0978,59.99131],[30.09745,59.99137],[30.09744,59.9912],[30.0976,59.99116],[30.09793,59.99118],[30.098,59.99116],[30.09798,59.99099],[30.09715,59.99048],[30.09718,59.99047],[30.0979,59.9907],[30.0986,59.9911],[30.09876,59.99111],[30.09896,59.99104],[30.09884,59.99074],[30.09893,59.99061],[30.09922,59.99051],[30.09939,59.9905],[30.0995,59.99055],[30.09945,59.9906],[30.09972,59.9908],[30.0996,59.9911],[30.10011,59.99127],[30.10071,59.99138],[30.10102,59.99152],[30.10123,59.99133],[30.1016,59.99118],[30.10272,59.99094],[30.10335,59.99063],[30.10391,59.99044],[30.10461,59.99028],[30.10543,59.98993],[30.1057,59.98987],[30.10633,59.98992],[30.10681,59.98988],[30.10712,59.98995],[30.10764,59.98996],[30.10806,59.98988],[30.10969,59.98971],[30.11012,59.98973],[30.11034,59.98961],[30.11114,59.98954],[30.11223,59.98958],[30.11302,59.9896],[30.11366,59.98969],[30.11423,59.98983],[30.1145,59.98981],[30.11489,59.98986],[30.11524,59.98973],[30.11547,59.98975],[30.11575,59.98978],[30.11588,59.9897],[30.11629,59.98965],[30.11669,59.98969],[30.117,59.98968],[30.11729,59.98976],[30.11855,59.98989],[30.1198,59.99],[30.12102,59.98993],[30.12245,59.98964],[30.12456,59.98923],[30.12565,59.98903],[30.12673,59.98879],[30.12776,59.98856],[30.12787,59.98844],[30.12805,59.9884],[30.12831,59.9884],[30.12835,59.9885],[30.12909,59.98846],[30.12919,59.98848],[30.13125,59.98884],[30.13251,59.98868],[30.13405,59.98881],[30.136,59.9887],[30.13741,59.98843],[30.13894,59.98814],[30.14018,59.98811],[30.14154,59.98797],[30.1419,59.98806],[30.14361,59.98802],[30.14449,59.98809],[30.1452,59.98827],[30.14571,59.98824],[30.14845,59.98808],[30.14944,59.98824],[30.15608,59.98772],[30.15651,59.98779],[30.15699,59.98781],[30.15753,59.98776],[30.15787,59.98765],[30.15811,59.98768],[30.15839,59.98767],[30.15891,59.98778],[30.15918,59.98774],[30.15939,59.9876],[30.15948,59.98748],[30.15967,59.9874],[30.15993,59.98746],[30.16028,59.9874],[30.1605,59.98734],[30.16066,59.98712],[30.16119,59.98696],[30.16154,59.98704],[30.16172,59.98695],[30.16206,59.98689],[30.16225,59.98682],[30.16228,59.98672],[30.1622,59.98653],[30.16215,59.98632],[30.16203,59.98608],[30.16201,59.98591],[30.16202,59.9857],[30.16187,59.98476],[30.16186,59.98461],[30.16181,59.98424],[30.16197,59.98415],[30.1626,59.98406],[30.16298,59.98399],[30.16346,59.98403],[30.16455,59.984],[30.16552,59.9839],[30.16601,59.98387],[30.16638,59.98394],[30.16687,59.98428],[30.16709,59.98453],[30.16715,59.98469],[30.16709,59.98475],[30.16688,59.98473],[30.16664,59.98453],[30.16641,59.98424],[30.16613,59.98413],[30.16314,59.98444],[30.1629,59.98454],[30.16286,59.98465],[30.16292,59.98486],[30.1632,59.98586],[30.16339,59.9859],[30.16346,59.9859],[30.16361,59.98588],[30.16396,59.98585],[30.16483,59.98575],[30.16572,59.98565],[30.16589,59.98555],[30.166,59.98553],[30.16622,59.98552],[30.16637,59.98548],[30.16657,59.98546],[30.16677,59.98544],[30.16685,59.98545],[30.16699,59.98547],[30.16706,59.98547],[30.16717,59.9855],[30.16726,59.98557],[30.16743,59.98551],[30.16779,59.98549],[30.16783,59.98567],[30.16785,59.98595],[30.16776,59.98664],[30.16816,59.98661],[30.1682,59.98625],[30.16824,59.9859],[30.16902,59.98592],[30.16933,59.98559],[30.16953,59.98555],[30.16955,59.98546],[30.17033,59.98546],[30.1704,59.98579],[30.17074,59.98583],[30.17177,59.98587],[30.17444,59.98587],[30.17871,59.98589],[30.17926,59.98593],[30.18137,59.98554],[30.18157,59.98551],[30.1818,59.98564],[30.18181,59.98586],[30.18174,59.98592],[30.18159,59.986],[30.18146,59.98608],[30.18155,59.98617],[30.18157,59.98628],[30.18183,59.98645],[30.18187,59.98664],[30.18196,59.98675],[30.18209,59.98722],[30.18192,59.98749],[30.18215,59.98798],[30.18215,59.98821],[30.18173,59.98835],[30.18156,59.98839],[30.18183,59.98863],[30.18217,59.98851],[30.18207,59.98839],[30.18221,59.9883],[30.18319,59.98854],[30.18322,59.98861],[30.18265,59.98857],[30.18241,59.98876],[30.18229,59.98885],[30.18241,59.98897],[30.18206,59.98903],[30.18189,59.98915],[30.18239,59.98931],[30.18181,59.9893],[30.18138,59.98924],[30.18074,59.98892],[30.18056,59.98881],[30.18013,59.98866],[30.17969,59.98857],[30.17961,59.98854],[30.17933,59.98851],[30.17923,59.98846],[30.17908,59.98849],[30.17896,59.98862],[30.17889,59.98869],[30.17889,59.98872],[30.17884,59.98872],[30.17874,59.98883],[30.17878,59.98886],[30.17876,59.98888],[30.17867,59.9889],[30.1787,59.98893],[30.17869,59.98899],[30.17872,59.98904],[30.17874,59.98907],[30.17877,59.98912],[30.17886,59.98914],[30.17886,59.98917],[30.17897,59.98918],[30.17911,59.9892],[30.17916,59.98917],[30.17928,59.98917],[30.18029,59.98929],[30.18284,59.98957],[30.18358,59.98965],[30.18419,59.98967],[30.18442,59.98961],[30.18445,59.98942],[30.18481,59.98921],[30.18506,59.98918],[30.18517,59.98909],[30.18516,59.98903],[30.18504,59.989],[30.18544,59.98845],[30.18545,59.9883],[30.18563,59.98816],[30.18572,59.9879],[30.18602,59.98756],[30.18618,59.98716],[30.18653,59.98691],[30.18736,59.98572],[30.18762,59.98541],[30.18776,59.98526],[30.18859,59.98415],[30.18966,59.98288],[30.19,59.98252],[30.19023,59.98229],[30.19049,59.98225],[30.19069,59.98233],[30.19074,59.98256],[30.19081,59.98262],[30.19218,59.98246],[30.19241,59.9824],[30.19294,59.9818],[30.19299,59.98115],[30.1937,59.98102],[30.19331,59.98115],[30.19342,59.98124],[30.19326,59.98128],[30.19332,59.98143],[30.19328,59.98158],[30.1941,59.98173],[30.19445,59.98172],[30.19477,59.98166],[30.1956,59.98152],[30.19644,59.98126],[30.19748,59.98094],[30.19812,59.98085],[30.19852,59.98082],[30.20019,59.98048],[30.20236,59.97974],[30.20407,59.97908],[30.20442,59.97906],[30.20477,59.97918],[30.20498,59.97928],[30.20525,59.97931],[30.20612,59.97943],[30.20675,59.97949],[30.2075,59.97944],[30.20803,59.97936],[30.20899,59.97947],[30.20935,59.97954],[30.2095,59.97958],[30.2098,59.97965],[30.21001,59.97971],[30.21032,59.97981],[30.21085,59.97983],[30.21136,59.9799],[30.21177,59.98002],[30.21233,59.98026],[30.21281,59.98032],[30.21293,59.98035],[30.21329,59.98043],[30.21364,59.98051],[30.21373,59.98058],[30.214,59.98067],[30.21431,59.98072],[30.21454,59.98075],[30.2147,59.98082],[30.21497,59.98089],[30.2152,59.98099],[30.21527,59.9811],[30.2152,59.98116],[30.21499,59.98117],[30.21467,59.98108],[30.21457,59.98114],[30.21452,59.98126],[30.21628,59.98137],[30.21637,59.98138],[30.21641,59.98141],[30.21643,59.98156],[30.21662,59.98163],[30.2168,59.98174],[30.21689,59.98178],[30.21695,59.98195],[30.21704,59.98197],[30.21712,59.98197],[30.21711,59.98183],[30.21724,59.98172],[30.21748,59.98163],[30.21775,59.98158],[30.21817,59.98145],[30.21846,59.98143],[30.21855,59.9814],[30.21858,59.98134],[30.21875,59.9813],[30.2189,59.98132],[30.21898,59.98138],[30.21899,59.98143],[30.21925,59.98162],[30.21915,59.98173],[30.21898,59.98178],[30.21903,59.98189],[30.21935,59.98207],[30.21947,59.98206],[30.22065,59.98185],[30.22096,59.98184],[30.22128,59.98186],[30.22178,59.98202],[30.22193,59.98215],[30.22198,59.98234],[30.22192,59.98248],[30.22196,59.98265],[30.22208,59.98279],[30.2222,59.98286],[30.22236,59.9829],[30.22241,59.9829],[30.22258,59.9829],[30.22275,59.98289],[30.22305,59.98284],[30.22321,59.98281],[30.22328,59.98255],[30.22318,59.98181],[30.22335,59.98158],[30.22364,59.98149],[30.22385,59.98147],[30.22441,59.98149],[30.22465,59.98152],[30.22504,59.98153],[30.22521,59.98151],[30.22537,59.98142],[30.22554,59.98115],[30.2257,59.98081],[30.22596,59.9804],[30.22607,59.98023],[30.22626,59.98012],[30.22648,59.98009],[30.22652,59.97892],[30.23128,59.97947],[30.237,59.98116],[30.24586,59.98203],[30.25297,59.9824],[30.25371,59.98242],[30.25645,59.98248],[30.26055,59.98257],[30.26413,59.98254],[30.26648,59.98232],[30.26857,59.9819],[30.27321,59.98134],[30.27735,59.98154],[30.28373,59.98235],[30.29035,59.98278],[30.29951,59.98255],[30.3063,59.9814],[30.31347,59.98013],[30.31476,59.9799],[30.32022,59.97911],[30.32175,59.97847],[30.32361,59.97941],[30.32378,59.9795],[30.32411,59.97966],[30.32632,59.98063],[30.32692,59.9809],[30.32849,59.98159],[30.33118,59.98278],[30.33111,59.98282],[30.33091,59.98293],[30.33073,59.98303],[30.32986,59.98352],[30.32961,59.98418],[30.33015,59.98484],[30.33019,59.9849],[30.33026,59.98499],[30.3303,59.98504],[30.33032,59.98507],[30.33087,59.98495],[30.33089,59.98498],[30.33081,59.98515],[30.33015,59.98658],[30.32995,59.987],[30.32952,59.98794],[30.32928,59.98844],[30.32924,59.98854],[30.32918,59.98867],[30.32909,59.98885],[30.32903,59.98898],[30.32881,59.98945],[30.32862,59.98987],[30.32856,59.98999],[30.32851,59.9901],[30.32802,59.99113],[30.32766,59.99189],[30.32759,59.99204],[30.32734,59.99257],[30.32731,59.99264],[30.32728,59.99268],[30.32727,59.9927],[30.32723,59.99277],[30.32719,59.99284],[30.32714,59.9929],[30.32709,59.99297],[30.32703,59.99303],[30.32702,59.99305],[30.32697,59.9931],[30.32694,59.99314],[30.32691,59.99316],[30.32661,59.99349],[30.3264,59.99366],[30.32636,59.99369],[30.32812,59.99413],[30.32848,59.99422],[30.32825,59.99436],[30.32813,59.99439],[30.32782,59.99453],[30.32772,59.99453],[30.32761,59.99454],[30.32732,59.99443],[30.32719,59.99452],[30.32707,59.99449],[30.32669,59.99486],[30.32638,59.99514],[30.32526,59.99478],[30.32455,59.99535],[30.32448,59.99542],[30.32565,59.99575],[30.32585,59.99582],[30.32462,59.99691],[30.32461,59.99696],[30.32468,59.99702],[30.32444,59.99726],[30.32325,59.99848],[30.32358,59.99859],[30.32297,59.99965],[30.32257,60.00036],[30.32216,60.00117],[30.32194,60.00122],[30.32176,60.0015],[30.32167,60.00167],[30.32126,60.00257],[30.32098,60.003],[30.32027,60.00434],[30.3197,60.00546],[30.31966,60.00559],[30.31898,60.00688],[30.31848,60.00773],[30.31826,60.0081],[30.3183,60.00818],[30.31641,60.01158],[30.31638,60.01164],[30.31596,60.01239],[30.31533,60.01354],[30.31428,60.01552],[30.31375,60.0165],[30.31369,60.01663],[30.31332,60.01731],[30.3132,60.01752],[30.31311,60.0177],[30.31308,60.01769],[30.31298,60.01768],[30.3128,60.01765],[30.31272,60.01764],[30.31261,60.01785],[30.3126,60.01787],[30.31257,60.01792],[30.31254,60.01799],[30.31251,60.01804],[30.31247,60.0181],[30.31245,60.01816],[30.3123,60.01841],[30.31228,60.01846],[30.31213,60.01871],[30.31211,60.01876],[30.31201,60.01894],[30.31198,60.01899],[30.31186,60.01923],[30.31184,60.01927],[30.31191,60.01928],[30.31207,60.0193],[30.31223,60.01932],[30.31212,60.01952],[30.31221,60.01953],[30.30935,60.02479],[30.309,60.02544],[30.30888,60.02553],[30.30882,60.02559],[30.30861,60.02609],[30.30832,60.02661],[30.30669,60.02958],[30.30663,60.02959],[30.30657,60.02959],[30.30571,60.03122],[30.30467,60.03311],[30.30295,60.03627],[30.30276,60.03665],[30.30273,60.03674],[30.30274,60.03684],[30.30242,60.03741],[30.30231,60.03779],[30.30197,60.0384],[30.30163,60.03901],[30.30054,60.04101],[30.30016,60.04174],[30.30007,60.04187],[30.2999,60.04205],[30.29983,60.04215],[30.29977,60.04217],[30.29951,60.04258],[30.29948,60.04287],[30.29935,60.04325],[30.29854,60.04469],[30.29833,60.04466],[30.29821,60.04464],[30.29784,60.04522],[30.29782,60.04526],[30.29773,60.04525],[30.29755,60.04559],[30.2974,60.04588],[30.29746,60.04589],[30.29731,60.04615],[30.29718,60.04638],[30.29715,60.04644],[30.297,60.04667],[30.29685,60.04695],[30.29671,60.0472],[30.29658,60.04749],[30.29655,60.04751],[30.29653,60.04752],[30.29638,60.04787],[30.29628,60.04812],[30.29618,60.04837],[30.29614,60.04857],[30.29614,60.0486],[30.29611,60.04867],[30.29598,60.04897],[30.29581,60.04938],[30.29565,60.04968],[30.29557,60.04981],[30.29538,60.05012],[30.2952,60.05041],[30.29494,60.05084],[30.29486,60.05097],[30.29468,60.05124],[30.29444,60.05156],[30.29424,60.05182],[30.29403,60.0521],[30.29379,60.05236],[30.29358,60.05258],[30.29342,60.05274],[30.29322,60.05289],[30.29274,60.0532],[30.29286,60.05329],[30.29236,60.05367],[30.29182,60.05412],[30.29158,60.05432],[30.29147,60.05442],[30.29121,60.05462],[30.29102,60.05474],[30.29051,60.05517],[30.29035,60.05531],[30.29014,60.05548],[30.28967,60.05589],[30.28961,60.05594],[30.28913,60.05641],[30.28802,60.05733],[30.28788,60.05744],[30.28477,60.05996],[30.28107,60.06291],[30.27943,60.06424],[30.274,60.06861],[30.2704,60.06747],[30.27027,60.06742],[30.26189,60.0646],[30.25852,60.06347],[30.25202,60.06123],[30.25163,60.06111],[30.24961,60.06041],[30.23536,60.05564],[30.22743,60.05296],[30.22597,60.05245],[30.22586,60.05239],[30.22569,60.05232],[30.22278,60.05134],[30.21411,60.06127],[30.21019,60.06037],[30.20223,60.06212],[30.19586,60.06047],[30.19434,60.06226],[30.19506,60.06242],[30.19494,60.06251],[30.19332,60.0639],[30.13413,60.04874],[30.13412,60.04863],[30.13411,60.04849],[30.13408,60.0484],[30.13405,60.04827],[30.13402,60.04814],[30.13389,60.04806],[30.13387,60.04803],[30.13382,60.04794],[30.13373,60.04781],[30.13358,60.04757],[30.13353,60.04741],[30.13362,60.04715],[30.13405,60.04684],[30.1347,60.0467],[30.13539,60.04661],[30.13571,60.04667],[30.13597,60.04663],[30.13616,60.04662],[30.1364,60.04651],[30.13643,60.04636],[30.13682,60.04627],[30.13716,60.04626],[30.13799,60.0463],[30.13852,60.04626],[30.1391,60.0463],[30.13938,60.04624],[30.13952,60.04614],[30.14002,60.04604],[30.14045,60.04589],[30.14089,60.04577],[30.14125,60.04569],[30.14182,60.04544],[30.1421,60.04515],[30.14211,60.04496],[30.14187,60.04466],[30.14148,60.04438],[30.14067,60.04399],[30.13986,60.04378],[30.13941,60.04357],[30.13907,60.04333],[30.13878,60.04296],[30.13839,60.04244],[30.13836,60.04212],[30.13817,60.04204],[30.13825,60.04194],[30.13836,60.04185],[30.13835,60.04169],[30.13845,60.04152],[30.13858,60.04136],[30.13861,60.04119],[30.13867,60.04115],[30.13888,60.041],[30.13896,60.0408],[30.13908,60.04058],[30.13945,60.04039],[30.14091,60.04002],[30.14113,60.03999],[30.14136,60.03987],[30.14151,60.03967],[30.14165,60.03928],[30.14235,60.03888],[30.14283,60.03859],[30.14305,60.03837],[30.14302,60.038],[30.14278,60.03766],[30.14256,60.03726],[30.14265,60.0371],[30.14325,60.03681],[30.14353,60.03673],[30.14386,60.03665],[30.14413,60.03652],[30.14425,60.03645],[30.14447,60.03618],[30.14469,60.03603],[30.14504,60.03598],[30.14588,60.03598],[30.14629,60.0359],[30.14619,60.03472],[30.14434,60.03464],[30.14316,60.03458],[30.13932,60.03442],[30.13471,60.03422],[30.12129,60.03364],[30.11994,60.03358],[30.0791,60.02717],[30.07998,60.01679],[30.08061,60.01649],[30.08034,60.01388],[30.08032,60.01352],[30.08009,60.00898],[30.08,60.00758],[30.07973,60.00528],[30.07963,60.00476],[30.07932,60.00421],[30.0789,60.00379],[30.07833,60.00341],[30.07762,60.00309],[30.07659,60.00277],[30.07544,60.00259],[30.07431,60.00253],[30.07315,60.00259],[30.07201,60.00269],[30.07193,60.0027],[30.07168,60.00264],[30.07055,60.00279],[30.07,60.00287],[30.0674,60.00325],[30.06567,60.00352],[30.06365,60.00382],[30.05953,60.00443],[30.05403,60.0049],[30.05143,60.00532],[30.04707,60.00606],[30.04596,60.00627],[30.04519,60.0064],[30.04436,60.00655],[30.04244,60.00691],[30.04248,60.00696],[30.04645,60.01082],[30.03192,60.0146],[30.0312,60.01478],[30.02826,60.01553],[30.02785,60.01564],[30.02591,60.01613],[30.02746,60.01768],[30.02537,60.01819],[30.02472,60.01835],[30.02218,60.01897],[30.02115,60.01802],[30.02079,60.0177],[30.02057,60.0175],[30.01144,60.0198],[30.01121,60.01986],[30.01075,60.01985],[30.01011,60.02106],[30.00994,60.02104],[30.00992,60.02108],[30.0098,60.02128],[30.00958,60.02168],[30.00945,60.02191],[30.0086,60.02279],[30.00667,60.02454],[30.00494,60.02564],[30.00438,60.02595],[30.00307,60.02657],[30.0013,60.02729],[29.99521,60.02966],[29.98903,60.03197],[29.98668,60.03289],[29.98523,60.03346],[29.98455,60.03364],[29.98169,60.03476],[29.98006,60.03566],[29.97855,60.03697],[29.97818,60.03739],[29.97804,60.0377],[29.97715,60.0403],[29.97697,60.04028],[29.97572,60.04348],[29.97556,60.04403],[29.97548,60.04402],[29.97548,60.04404],[29.97536,60.04403],[29.97518,60.04402],[29.97485,60.044],[29.97473,60.044],[29.97456,60.04398],[29.97266,60.04354],[29.97244,60.04351],[29.97231,60.04348],[29.97218,60.04341],[29.97186,60.04337],[29.97139,60.04338],[29.97092,60.04335],[29.97023,60.04352],[29.97005,60.04361],[29.96962,60.0439],[29.9691,60.04403],[29.96842,60.04394],[29.96835,60.04402],[29.968,60.04403],[29.96767,60.0442],[29.96745,60.04422],[29.96745,60.04411],[29.96736,60.04409],[29.9671,60.04422],[29.96684,60.04434],[29.96669,60.04439],[29.96674,60.04449],[29.96658,60.04455],[29.96658,60.04478],[29.96611,60.04474],[29.96576,60.04488],[29.96561,60.0449],[29.96549,60.04488],[29.96535,60.04377],[29.96534,60.04348],[29.96519,60.04302],[29.96495,60.04266],[29.96457,60.0424],[29.96286,60.04118],[29.96163,60.04017],[29.96006,60.03908],[29.95864,60.03803],[29.95796,60.03794],[29.95775,60.03798],[29.95749,60.03791],[29.95711,60.03798],[29.95553,60.03783],[29.95523,60.03782],[29.95521,60.03745]]]]}},{"type":"Feature","properties":{"osm_id":338635,"name":"Пушкинский район"},"geometry":{"type":"MultiPolygon","coordinates":[[[[30.21822,59.67307],[30.21918,59.67361],[30.21995,59.67431],[30.2265,59.68147],[30.22899,59.68414],[30.23286,59.68505],[30.23646,59.68603],[30.23166,59.68938],[30.23706,59.69177],[30.2356,59.69267],[30.2405,59.69491],[30.24045,59.69531],[30.2399,59.69547],[30.24774,59.69936],[30.25184,59.7009],[30.25562,59.70172],[30.25861,59.70485],[30.26001,59.70754],[30.26191,59.70851],[30.26749,59.7137],[30.26791,59.71396],[30.268,59.71399],[30.26824,59.71408],[30.26952,59.71666],[30.27587,59.71521],[30.27944,59.71867],[30.27758,59.71909],[30.27574,59.7195],[30.27132,59.7205],[30.27137,59.72056],[30.27163,59.72088],[30.27273,59.72221],[30.27238,59.72228],[30.27251,59.72325],[30.28051,59.72767],[30.28358,59.72921],[30.28266,59.7315],[30.28239,59.73217],[30.27951,59.73933],[30.29207,59.73615],[30.29207,59.73683],[30.29343,59.74017],[30.29391,59.74086],[30.30072,59.74739],[30.31,59.74415],[30.31025,59.74437],[30.31048,59.74459],[30.31801,59.75178],[30.327,59.76053],[30.32981,59.76323],[30.33052,59.76225],[30.33063,59.76225],[30.33172,59.76221],[30.33262,59.76318],[30.33337,59.76511],[30.3345,59.7673],[30.3351,59.7687],[30.33714,59.7685],[30.33779,59.77037],[30.33581,59.77077],[30.33619,59.77177],[30.33277,59.77173],[30.33183,59.77297],[30.3308,59.77365],[30.32908,59.77447],[30.32726,59.77546],[30.32633,59.77626],[30.32603,59.77832],[30.32587,59.78149],[30.32584,59.78225],[30.32546,59.78967],[30.32542,59.79106],[30.32718,59.79241],[30.32775,59.7936],[30.32775,59.79444],[30.32723,59.79557],[30.3266,59.79622],[30.32506,59.79751],[30.32493,59.79967],[30.32473,59.80251],[30.32466,59.80374],[30.32505,59.80375],[30.3252,59.80376],[30.32534,59.80377],[30.32572,59.80381],[30.32597,59.80381],[30.32592,59.80465],[30.32601,59.80465],[30.32608,59.80465],[30.32916,59.8047],[30.33026,59.80471],[30.33043,59.80471],[30.33068,59.80479],[30.33322,59.80583],[30.33386,59.80609],[30.33398,59.80618],[30.33415,59.80623],[30.3351,59.80647],[30.33522,59.8065],[30.33539,59.80653],[30.33553,59.80658],[30.33562,59.80661],[30.33567,59.80663],[30.336,59.8067],[30.33623,59.80676],[30.33632,59.80681],[30.33642,59.80688],[30.33661,59.807],[30.33666,59.80704],[30.33676,59.80708],[30.3369,59.80718],[30.33716,59.80737],[30.33725,59.80746],[30.33728,59.80752],[30.33731,59.80764],[30.33736,59.80774],[30.3375,59.80793],[30.33761,59.80804],[30.33771,59.8081],[30.33774,59.80817],[30.33789,59.80826],[30.33806,59.80834],[30.33843,59.8084],[30.33867,59.80844],[30.33986,59.80865],[30.34012,59.8087],[30.34023,59.80873],[30.34039,59.80875],[30.3405,59.8088],[30.34054,59.80881],[30.34062,59.80882],[30.34099,59.80891],[30.34123,59.80896],[30.34129,59.80898],[30.34152,59.80903],[30.34183,59.80922],[30.34193,59.80932],[30.34202,59.80935],[30.34208,59.8094],[30.34223,59.80952],[30.34226,59.8096],[30.34238,59.80969],[30.34334,59.81051],[30.34353,59.81065],[30.34368,59.81079],[30.34388,59.81096],[30.34401,59.81108],[30.34459,59.81145],[30.34518,59.81178],[30.34535,59.81187],[30.34555,59.81198],[30.34572,59.81209],[30.34589,59.81213],[30.34617,59.81223],[30.34635,59.8123],[30.34692,59.81251],[30.34733,59.81265],[30.34772,59.81278],[30.34805,59.8129],[30.34827,59.81292],[30.34865,59.81291],[30.34913,59.8129],[30.34934,59.81288],[30.34959,59.8129],[30.35034,59.81318],[30.35116,59.81345],[30.35308,59.81412],[30.35335,59.8142],[30.3562,59.81455],[30.35644,59.81462],[30.35683,59.81473],[30.35712,59.81474],[30.35797,59.81467],[30.35983,59.81471],[30.36044,59.81472],[30.3625,59.81465],[30.36269,59.81466],[30.36291,59.81471],[30.36298,59.81479],[30.36303,59.81485],[30.36307,59.81544],[30.36313,59.81551],[30.36315,59.81555],[30.36317,59.81564],[30.36328,59.81567],[30.364,59.81562],[30.36445,59.81575],[30.36496,59.81588],[30.36559,59.81598],[30.36567,59.816],[30.36583,59.81606],[30.36603,59.81618],[30.36608,59.81624],[30.3661,59.8163],[30.36618,59.81643],[30.36624,59.81651],[30.36637,59.81656],[30.36668,59.81659],[30.36813,59.81666],[30.36843,59.81667],[30.36852,59.81673],[30.36844,59.81682],[30.36849,59.8169],[30.36898,59.81688],[30.37022,59.81693],[30.3704,59.81694],[30.3716,59.81696],[30.37414,59.81721],[30.37689,59.81784],[30.37942,59.81831],[30.38165,59.81873],[30.3827,59.81657],[30.38986,59.81732],[30.39941,59.81828],[30.40154,59.81851],[30.40282,59.81866],[30.40622,59.81922],[30.4149,59.82114],[30.42576,59.82363],[30.42782,59.82412],[30.43207,59.82513],[30.43506,59.82622],[30.4354,59.82641],[30.43698,59.82725],[30.43819,59.828],[30.43929,59.82906],[30.44151,59.82945],[30.43944,59.82803],[30.44391,59.82827],[30.44411,59.82827],[30.44437,59.82829],[30.44512,59.82784],[30.4484,59.82339],[30.44947,59.82358],[30.45449,59.81736],[30.45256,59.81734],[30.45199,59.81735],[30.44878,59.81731],[30.4508,59.81582],[30.45539,59.81069],[30.4561,59.80991],[30.45641,59.8093],[30.45647,59.80919],[30.45784,59.80276],[30.46863,59.79772],[30.47917,59.79296],[30.4843,59.7915],[30.48552,59.79254],[30.48694,59.79209],[30.48704,59.79193],[30.48829,59.79161],[30.4896,59.79187],[30.48975,59.79207],[30.49238,59.79089],[30.49451,59.79025],[30.49499,59.79014],[30.49773,59.78932],[30.49803,59.7888],[30.50176,59.78849],[30.50884,59.78437],[30.50953,59.78524],[30.517,59.78372],[30.51684,59.78343],[30.51667,59.78314],[30.51643,59.7828],[30.51627,59.78251],[30.51626,59.78223],[30.51632,59.7821],[30.5164,59.78204],[30.5165,59.782],[30.51661,59.78198],[30.51689,59.782],[30.5174,59.78202],[30.51757,59.78205],[30.51778,59.78213],[30.51794,59.78238],[30.51821,59.78262],[30.51841,59.78266],[30.51916,59.78268],[30.51933,59.78259],[30.51946,59.78237],[30.51955,59.78214],[30.51988,59.78141],[30.51983,59.78127],[30.51966,59.78121],[30.51925,59.78109],[30.51915,59.78102],[30.51911,59.78092],[30.51903,59.7807],[30.51902,59.78057],[30.51907,59.78051],[30.51919,59.78047],[30.51955,59.78044],[30.5199,59.78041],[30.52021,59.7805],[30.52038,59.78066],[30.5206,59.78113],[30.52081,59.78127],[30.52097,59.78131],[30.52115,59.78129],[30.5214,59.78115],[30.52153,59.78104],[30.52158,59.78079],[30.52141,59.78061],[30.52132,59.78046],[30.52132,59.78029],[30.52136,59.78013],[30.5213,59.77999],[30.52113,59.77991],[30.52075,59.77984],[30.52046,59.77974],[30.52018,59.77963],[30.51991,59.77945],[30.51969,59.7793],[30.51953,59.77918],[30.51939,59.77915],[30.51924,59.77918],[30.5192,59.77928],[30.51925,59.77942],[30.51914,59.7795],[30.51896,59.77947],[30.51881,59.77941],[30.5187,59.77932],[30.51849,59.7792],[30.51825,59.77911],[30.51802,59.77903],[30.51776,59.77892],[30.51764,59.77889],[30.51748,59.7788],[30.5173,59.77869],[30.51715,59.77856],[30.51708,59.77841],[30.51692,59.77832],[30.51672,59.77822],[30.51648,59.77811],[30.51626,59.77802],[30.51609,59.77792],[30.51602,59.77787],[30.516,59.77773],[30.51605,59.7775],[30.51615,59.7774],[30.51632,59.77735],[30.51656,59.7773],[30.51789,59.77716],[30.51827,59.77708],[30.51857,59.777],[30.51873,59.77689],[30.51875,59.77678],[30.51875,59.77665],[30.51867,59.77653],[30.51845,59.7764],[30.51823,59.77634],[30.51797,59.77631],[30.51769,59.77624],[30.51739,59.77613],[30.51723,59.77606],[30.51699,59.77594],[30.51674,59.77576],[30.51668,59.77572],[30.51659,59.77569],[30.51646,59.77565],[30.51622,59.77565],[30.5158,59.77571],[30.51537,59.77574],[30.51506,59.77583],[30.51468,59.77591],[30.51441,59.77596],[30.5143,59.77602],[30.51445,59.77609],[30.51461,59.77616],[30.5145,59.7763],[30.51411,59.77638],[30.51309,59.77654],[30.51298,59.77648],[30.51296,59.77636],[30.51297,59.77629],[30.51287,59.7761],[30.51287,59.776],[30.51294,59.77592],[30.51311,59.77583],[30.5133,59.77574],[30.51342,59.77562],[30.51351,59.77546],[30.51346,59.77526],[30.51329,59.77501],[30.51301,59.77482],[30.51275,59.77473],[30.51248,59.77467],[30.51223,59.77453],[30.51208,59.77441],[30.51193,59.77423],[30.51189,59.77407],[30.51194,59.77387],[30.51214,59.7737],[30.51231,59.77359],[30.51249,59.77357],[30.51266,59.77363],[30.513,59.77383],[30.51314,59.77383],[30.51327,59.77376],[30.51321,59.77369],[30.51278,59.77333],[30.51274,59.77322],[30.51287,59.77313],[30.51308,59.77306],[30.51339,59.77304],[30.51361,59.77299],[30.51378,59.77288],[30.51421,59.77197],[30.51423,59.7719],[30.51421,59.77185],[30.51407,59.77179],[30.51386,59.77176],[30.51344,59.77173],[30.51311,59.77169],[30.51278,59.7716],[30.51234,59.77145],[30.51203,59.77134],[30.51158,59.77114],[30.51123,59.77095],[30.51099,59.77076],[30.5109,59.77066],[30.51071,59.77056],[30.51056,59.7704],[30.51058,59.77023],[30.51068,59.77012],[30.51086,59.77005],[30.51114,59.76999],[30.51138,59.76999],[30.51155,59.77012],[30.51178,59.77017],[30.51203,59.77015],[30.51276,59.77],[30.51291,59.76988],[30.5131,59.76975],[30.51314,59.76958],[30.51307,59.76945],[30.51268,59.76916],[30.51241,59.76893],[30.51221,59.76861],[30.51215,59.76843],[30.51215,59.76833],[30.51215,59.76826],[30.51215,59.76818],[30.51209,59.76814],[30.51198,59.76811],[30.51189,59.7681],[30.51176,59.76813],[30.51153,59.76828],[30.51137,59.76838],[30.51122,59.76854],[30.51102,59.76864],[30.5109,59.7687],[30.51076,59.7687],[30.51068,59.76866],[30.51061,59.76858],[30.51053,59.76843],[30.51053,59.76834],[30.51057,59.7677],[30.51066,59.7675],[30.5106,59.76726],[30.51057,59.76711],[30.51045,59.76707],[30.51031,59.76703],[30.51002,59.76702],[30.50978,59.76702],[30.50965,59.76699],[30.50965,59.76692],[30.50978,59.76686],[30.51014,59.76676],[30.51024,59.76674],[30.51027,59.76669],[30.51021,59.76659],[30.51007,59.76653],[30.50982,59.76635],[30.50974,59.76624],[30.50968,59.76617],[30.50945,59.76602],[30.50941,59.76596],[30.50951,59.76586],[30.50956,59.76574],[30.50953,59.7656],[30.50953,59.76546],[30.50956,59.76537],[30.50956,59.76528],[30.50947,59.76516],[30.50933,59.76503],[30.50841,59.76382],[30.50808,59.76354],[30.50788,59.76343],[30.50692,59.76301],[30.50682,59.76295],[30.50676,59.76284],[30.50682,59.76272],[30.507,59.76256],[30.50832,59.76155],[30.50864,59.76135],[30.50872,59.76127],[30.50877,59.76118],[30.50887,59.76102],[30.50886,59.76075],[30.50882,59.76066],[30.50887,59.76056],[30.50902,59.76051],[30.50935,59.76046],[30.50955,59.76043],[30.50972,59.76033],[30.50985,59.76012],[30.5098,59.76004],[30.50959,59.76002],[30.50937,59.76],[30.50922,59.75991],[30.50919,59.75986],[30.50921,59.75977],[30.50936,59.75968],[30.50958,59.75963],[30.50967,59.75955],[30.5097,59.75948],[30.50958,59.75937],[30.50941,59.75937],[30.50922,59.75935],[30.50899,59.75941],[30.50857,59.75961],[30.50824,59.75963],[30.50801,59.75953],[30.5079,59.75942],[30.50795,59.75931],[30.5081,59.75927],[30.50835,59.75923],[30.50853,59.75916],[30.50859,59.75903],[30.50852,59.75891],[30.50845,59.75877],[30.50845,59.75866],[30.50836,59.75854],[30.5082,59.75845],[30.50811,59.75835],[30.50816,59.75818],[30.50836,59.75811],[30.5085,59.75801],[30.5086,59.75785],[30.50882,59.75769],[30.50943,59.7574],[30.50967,59.75734],[30.51005,59.75727],[30.51029,59.75719],[30.51033,59.75709],[30.51029,59.75698],[30.51019,59.75684],[30.5115,59.75677],[30.51204,59.75649],[30.51275,59.7565],[30.51326,59.7561],[30.51421,59.75599],[30.51459,59.75569],[30.52118,59.75373],[30.52414,59.75339],[30.52307,59.74793],[30.54848,59.74912],[30.55121,59.74925],[30.55654,59.74952],[30.55672,59.74911],[30.55678,59.74903],[30.55723,59.74831],[30.55735,59.74792],[30.55759,59.74708],[30.55764,59.74594],[30.5576,59.7451],[30.55764,59.74473],[30.55808,59.74426],[30.55827,59.7439],[30.55824,59.74373],[30.55771,59.74348],[30.55735,59.74315],[30.5572,59.74294],[30.55728,59.7428],[30.55755,59.74269],[30.55759,59.7426],[30.55757,59.7425],[30.55735,59.74242],[30.55714,59.74236],[30.55676,59.74206],[30.55687,59.74201],[30.5574,59.74194],[30.55728,59.74183],[30.55719,59.74166],[30.5573,59.74129],[30.55645,59.74116],[30.55626,59.74115],[30.55562,59.74045],[30.55569,59.74011],[30.55537,59.73997],[30.5554,59.73977],[30.55557,59.73959],[30.55551,59.73903],[30.55565,59.73863],[30.55592,59.73826],[30.55593,59.73792],[30.55606,59.73752],[30.5578,59.73668],[30.55841,59.73583],[30.55909,59.73541],[30.56734,59.73143],[30.56916,59.73091],[30.56964,59.7308],[30.57033,59.73067],[30.5759,59.73018],[30.57629,59.73002],[30.57651,59.72997],[30.57262,59.72194],[30.57261,59.72127],[30.56744,59.7129],[30.5641,59.70507],[30.5521,59.70593],[30.53069,59.70733],[30.53004,59.70444],[30.5245,59.70428],[30.52473,59.70279],[30.52448,59.70225],[30.52443,59.70038],[30.52413,59.70009],[30.5221,59.69947],[30.52081,59.69776],[30.52009,59.69722],[30.51959,59.6965],[30.52025,59.69613],[30.52227,59.69589],[30.52286,59.69514],[30.52327,59.69358],[30.5223,59.69217],[30.52054,59.69094],[30.51209,59.6903],[30.49872,59.68924],[30.48856,59.68855],[30.48834,59.68856],[30.48813,59.68858],[30.48801,59.68859],[30.48788,59.68839],[30.48759,59.68783],[30.48722,59.68718],[30.48683,59.68648],[30.48663,59.68613],[30.48602,59.68504],[30.486,59.6849],[30.48499,59.68439],[30.47712,59.6807],[30.47797,59.67796],[30.47906,59.67767],[30.48079,59.6778],[30.48684,59.67903],[30.48748,59.67754],[30.49064,59.67763],[30.4909,59.67392],[30.48998,59.66998],[30.49097,59.66999],[30.49217,59.67003],[30.4934,59.67007],[30.49459,59.67009],[30.49832,59.67016],[30.5019,59.67025],[30.50242,59.6648],[30.50556,59.64612],[30.50536,59.6461],[30.50521,59.64609],[30.505,59.64612],[30.5049,59.64609],[30.50466,59.64602],[30.50383,59.6459],[30.50315,59.64581],[30.50213,59.64558],[30.50144,59.64534],[30.50101,59.64521],[30.50072,59.64517],[30.50035,59.64509],[30.49983,59.64493],[30.49894,59.64467],[30.49843,59.64453],[30.49788,59.64445],[30.49744,59.64441],[30.49703,59.64441],[30.49674,59.64445],[30.49627,59.64451],[30.49563,59.64447],[30.49472,59.64436],[30.49398,59.64423],[30.49323,59.64406],[30.49253,59.64394],[30.49228,59.64386],[30.49183,59.64376],[30.49137,59.64361],[30.49108,59.6435],[30.4905,59.64332],[30.48993,59.64328],[30.48962,59.64325],[30.48932,59.64322],[30.48906,59.64322],[30.48877,59.64321],[30.48859,59.64312],[30.4885,59.64297],[30.48853,59.64272],[30.48863,59.64245],[30.48876,59.64231],[30.48884,59.6421],[30.48885,59.64195],[30.48882,59.6419],[30.48878,59.64185],[30.4886,59.64181],[30.48841,59.6418],[30.48807,59.64178],[30.48745,59.64168],[30.48697,59.64159],[30.48665,59.64154],[30.48646,59.64147],[30.48625,59.64139],[30.48596,59.64128],[30.48579,59.64117],[30.48564,59.64106],[30.48553,59.64092],[30.48549,59.64082],[30.48553,59.6407],[30.48564,59.64055],[30.48575,59.64042],[30.4858,59.6403],[30.48583,59.6402],[30.4858,59.64005],[30.48562,59.63973],[30.48546,59.63951],[30.48532,59.6394],[30.4852,59.63932],[30.48498,59.63926],[30.4848,59.63923],[30.48452,59.63924],[30.48404,59.63929],[30.48376,59.63931],[30.4835,59.6393],[30.48324,59.63927],[30.48302,59.63923],[30.48285,59.63916],[30.48273,59.63906],[30.48266,59.63891],[30.48263,59.63871],[30.48262,59.63857],[30.48259,59.63842],[30.48257,59.63824],[30.48247,59.63818],[30.48222,59.63802],[30.48193,59.6379],[30.48165,59.6378],[30.48125,59.63771],[30.4807,59.63763],[30.48032,59.63758],[30.47994,59.63756],[30.47968,59.63756],[30.47936,59.6376],[30.47921,59.63764],[30.47907,59.63771],[30.47894,59.63781],[30.47877,59.63789],[30.47831,59.6381],[30.47805,59.63823],[30.47781,59.63831],[30.47714,59.63862],[30.47674,59.6388],[30.47655,59.63893],[30.47642,59.63907],[30.47633,59.63919],[30.47615,59.6393],[30.47582,59.63945],[30.47544,59.63957],[30.47515,59.63962],[30.47488,59.63963],[30.47463,59.63957],[30.47435,59.6395],[30.47408,59.6395],[30.47386,59.63954],[30.47368,59.63959],[30.47342,59.63965],[30.47322,59.63967],[30.47302,59.63972],[30.47286,59.63983],[30.4727,59.6399],[30.47257,59.63998],[30.47249,59.64004],[30.4723,59.64006],[30.47203,59.64007],[30.47176,59.64005],[30.47151,59.63998],[30.47123,59.63987],[30.47101,59.63984],[30.4708,59.63978],[30.47072,59.63975],[30.47065,59.63978],[30.47055,59.63989],[30.47037,59.63999],[30.47014,59.64011],[30.46991,59.64018],[30.46972,59.64019],[30.46959,59.64014],[30.46948,59.64006],[30.46939,59.63997],[30.46936,59.63984],[30.46935,59.63973],[30.4693,59.63967],[30.46904,59.63962],[30.46873,59.6396],[30.46837,59.63958],[30.46807,59.63954],[30.46778,59.63948],[30.46757,59.63944],[30.45589,59.64824],[30.44692,59.65497],[30.44436,59.65689],[30.43954,59.66057],[30.43818,59.6616],[30.43639,59.66298],[30.42979,59.66271],[30.4239,59.66251],[30.4241,59.66246],[30.42405,59.6624],[30.42398,59.66237],[30.42386,59.66237],[30.42382,59.66232],[30.42389,59.66226],[30.42399,59.6622],[30.42405,59.66208],[30.42406,59.66198],[30.42404,59.66188],[30.42393,59.66179],[30.42394,59.66167],[30.42396,59.66159],[30.424,59.66146],[30.42405,59.6614],[30.42396,59.66136],[30.42398,59.6613],[30.42405,59.66125],[30.42406,59.66117],[30.42407,59.66109],[30.42422,59.66106],[30.42428,59.661],[30.42412,59.66092],[30.42406,59.66084],[30.42397,59.66075],[30.42395,59.6606],[30.42384,59.6605],[30.42366,59.66036],[30.42366,59.66027],[30.42353,59.66025],[30.42352,59.66017],[30.42346,59.66008],[30.42331,59.66002],[30.42317,59.65993],[30.42312,59.65989],[30.4231,59.65984],[30.42309,59.65977],[30.42305,59.65972],[30.42302,59.65967],[30.42298,59.65959],[30.423,59.65952],[30.42285,59.65952],[30.4228,59.65948],[30.42286,59.65939],[30.42289,59.6593],[30.42289,59.65921],[30.42285,59.65916],[30.42281,59.65912],[30.42285,59.65906],[30.42284,59.65899],[30.42275,59.65896],[30.42267,59.65894],[30.42267,59.65887],[30.42266,59.65879],[30.42256,59.65875],[30.42254,59.65873],[30.42257,59.65869],[30.42256,59.65864],[30.42257,59.65859],[30.42252,59.65852],[30.42253,59.65842],[30.42253,59.65834],[30.42258,59.65829],[30.42253,59.65823],[30.42244,59.65817],[30.42241,59.65809],[30.42241,59.65799],[30.42241,59.65788],[30.42238,59.65783],[30.42226,59.65779],[30.42228,59.65771],[30.42228,59.65762],[30.42223,59.65752],[30.42223,59.65749],[30.42213,59.65739],[30.42216,59.65729],[30.42218,59.65719],[30.42212,59.65707],[30.422,59.65699],[30.42184,59.65702],[30.42179,59.65696],[30.42186,59.65688],[30.42178,59.65681],[30.42171,59.65675],[30.4217,59.65665],[30.42167,59.6566],[30.42153,59.65652],[30.42138,59.6564],[30.42131,59.65633],[30.42123,59.65622],[30.42108,59.65612],[30.42095,59.65605],[30.42052,59.6558],[30.42024,59.65567],[30.42001,59.6556],[30.41974,59.65551],[30.41964,59.65547],[30.41959,59.65543],[30.41957,59.65539],[30.4196,59.65535],[30.41963,59.65533],[30.4196,59.65531],[30.41953,59.65529],[30.41933,59.65523],[30.41922,59.65521],[30.41917,59.65523],[30.41911,59.65521],[30.41905,59.65521],[30.419,59.65516],[30.41884,59.65511],[30.41867,59.65504],[30.41855,59.65496],[30.41849,59.65486],[30.41836,59.65482],[30.41832,59.65477],[30.41821,59.65469],[30.41809,59.6546],[30.41797,59.65452],[30.41783,59.65446],[30.41765,59.65444],[30.41756,59.65445],[30.41748,59.65447],[30.41743,59.65444],[30.41738,59.6544],[30.41732,59.65435],[30.41722,59.65433],[30.41718,59.6543],[30.41729,59.65427],[30.41734,59.65418],[30.41729,59.65401],[30.41719,59.65396],[30.41714,59.65393],[30.41711,59.65389],[30.41696,59.65385],[30.41685,59.65377],[30.41651,59.65361],[30.41638,59.65349],[30.41619,59.65341],[30.41608,59.65331],[30.41599,59.65323],[30.41584,59.65316],[30.41572,59.65312],[30.41574,59.65295],[30.41548,59.65298],[30.41534,59.65285],[30.41528,59.65278],[30.41517,59.6527],[30.41503,59.6527],[30.41496,59.65267],[30.41495,59.65262],[30.41495,59.6526],[30.41483,59.65258],[30.41478,59.65253],[30.41471,59.65244],[30.41468,59.65241],[30.41426,59.65175],[30.41383,59.65186],[30.41324,59.65118],[30.4119,59.65177],[30.4106,59.65069],[30.40756,59.64952],[30.40637,59.64945],[30.40504,59.65026],[30.40432,59.65052],[30.40327,59.65091],[30.40288,59.65066],[30.40158,59.65114],[30.40065,59.65043],[30.39971,59.65079],[30.39641,59.65163],[30.39521,59.65163],[30.39377,59.65086],[30.39348,59.65084],[30.39156,59.64967],[30.38766,59.64844],[30.38767,59.64832],[30.38689,59.64803],[30.3856,59.64755],[30.3823,59.64878],[30.38208,59.64865],[30.38173,59.64878],[30.38201,59.64892],[30.38034,59.64953],[30.37893,59.64971],[30.36667,59.65019],[30.36665,59.6503],[30.36664,59.65037],[30.35771,59.65319],[30.35186,59.65555],[30.35192,59.65823],[30.34557,59.65789],[30.34542,59.65781],[30.34521,59.65771],[30.32669,59.65685],[30.3265,59.65686],[30.30651,59.6621],[30.30343,59.65976],[30.30302,59.65968],[30.30097,59.65863],[30.30053,59.65835],[30.2587,59.63625],[30.25417,59.63378],[30.24662,59.63727],[30.24628,59.6371],[30.24593,59.63714],[30.24292,59.63863],[30.2525,59.6444],[30.25531,59.64558],[30.26134,59.64857],[30.26154,59.64866],[30.25316,59.65264],[30.25251,59.65275],[30.24917,59.65302],[30.2478,59.6532],[30.24668,59.65329],[30.24536,59.65339],[30.24407,59.65422],[30.24398,59.65511],[30.24245,59.65815],[30.24237,59.65879],[30.24239,59.66068],[30.24304,59.66088],[30.24304,59.661],[30.24305,59.66103],[30.24274,59.66106],[30.2428,59.6613],[30.24182,59.66149],[30.24176,59.66141],[30.24167,59.66128],[30.23863,59.66178],[30.23989,59.66299],[30.24251,59.66591],[30.24393,59.66708],[30.24641,59.66891],[30.24958,59.67102],[30.24879,59.67123],[30.2424,59.67079],[30.23584,59.67244],[30.23528,59.67288],[30.22959,59.6734],[30.22844,59.67118],[30.2282,59.67073],[30.22753,59.66943],[30.22257,59.67064],[30.21822,59.67307]]]]}},{"type":"Feature","properties":{"osm_id":369514,"name":"Фрунзенский район"},"geometry":{"type":"MultiPolygon","coordinates":[[[[30.33258,59.91305],[30.33284,59.91285],[30.33295,59.91282],[30.33308,59.91272],[30.33337,59.91249],[30.33342,59.91244],[30.33375,59.91217],[30.33379,59.91214],[30.33414,59.91187],[30.33418,59.91182],[30.33434,59.91166],[30.33456,59.91139],[30.3346,59.91132],[30.33469,59.91119],[30.33482,59.91098],[30.33495,59.91078],[30.33509,59.91052],[30.33516,59.91038],[30.33518,59.91025],[30.3352,59.90994],[30.3352,59.90992],[30.33521,59.90964],[30.33523,59.90945],[30.33524,59.90934],[30.33525,59.9093],[30.33528,59.90916],[30.33531,59.909],[30.33535,59.90887],[30.33541,59.90871],[30.33555,59.90843],[30.33569,59.90817],[30.33577,59.90803],[30.3359,59.90784],[30.33611,59.90757],[30.3363,59.90733],[30.33644,59.90718],[30.33668,59.90693],[30.33687,59.90675],[30.33716,59.90646],[30.33744,59.90617],[30.33763,59.90594],[30.33774,59.90578],[30.33789,59.90555],[30.33811,59.90519],[30.33813,59.90513],[30.33814,59.90507],[30.33813,59.905],[30.33845,59.90504],[30.33892,59.90415],[30.34017,59.9018],[30.34132,59.89948],[30.34283,59.89651],[30.34404,59.89405],[30.34509,59.89198],[30.34537,59.89109],[30.34531,59.88951],[30.34494,59.88801],[30.3449,59.88709],[30.345,59.88623],[30.34591,59.88452],[30.34753,59.88165],[30.3485,59.88026],[30.35029,59.87838],[30.35376,59.87477],[30.35446,59.8737],[30.35456,59.87353],[30.35525,59.87221],[30.35732,59.86797],[30.35892,59.86484],[30.36061,59.86141],[30.36239,59.85784],[30.36308,59.8565],[30.36402,59.85476],[30.36434,59.85405],[30.36453,59.85369],[30.36526,59.85213],[30.36624,59.85017],[30.3683,59.84591],[30.36954,59.84356],[30.3713,59.84002],[30.37291,59.8357],[30.37368,59.83388],[30.37375,59.83371],[30.37495,59.83137],[30.37624,59.82875],[30.37762,59.82632],[30.37833,59.82523],[30.38011,59.82203],[30.38165,59.81873],[30.3827,59.81657],[30.38986,59.81732],[30.39941,59.81828],[30.40154,59.81851],[30.40282,59.81866],[30.40622,59.81922],[30.4149,59.82114],[30.42576,59.82363],[30.42782,59.82412],[30.43207,59.82513],[30.43506,59.82622],[30.4354,59.82641],[30.43698,59.82725],[30.43819,59.828],[30.43929,59.82906],[30.44151,59.82945],[30.44333,59.8298],[30.44348,59.8298],[30.45574,59.83196],[30.4752,59.83399],[30.46699,59.83963],[30.45883,59.84532],[30.45587,59.84756],[30.45007,59.85154],[30.44778,59.85313],[30.44574,59.85438],[30.43565,59.86012],[30.42945,59.86411],[30.42687,59.86579],[30.42547,59.86659],[30.421,59.86915],[30.41633,59.87244],[30.41307,59.8748],[30.40884,59.87795],[30.40516,59.881],[30.40486,59.88124],[30.40061,59.88455],[30.39854,59.88621],[30.395,59.88905],[30.39309,59.89169],[30.39236,59.89196],[30.3925,59.89215],[30.39295,59.892],[30.39195,59.8931],[30.39112,59.89376],[30.39052,59.89356],[30.3902,59.89379],[30.39084,59.894],[30.38706,59.89676],[30.38196,59.90036],[30.3797,59.90205],[30.37759,59.9035],[30.37478,59.90539],[30.37014,59.90809],[30.36653,59.91009],[30.36598,59.91044],[30.3654,59.91088],[30.36501,59.91124],[30.36429,59.91199],[30.3635,59.91337],[30.36347,59.91351],[30.36334,59.91387],[30.36299,59.91385],[30.36181,59.91393],[30.35956,59.91403],[30.35853,59.91413],[30.35557,59.91445],[30.35062,59.91522],[30.34602,59.91598],[30.34519,59.91606],[30.34416,59.91608],[30.34146,59.91599],[30.34071,59.91586],[30.34007,59.91569],[30.33944,59.9155],[30.33352,59.91337],[30.33258,59.91305]]]]}},{"type":"Feature","properties":{"osm_id":1114902,"name":"Центральный район"},"geometry":{"type":"MultiPolygon","coordinates":[[[[30.30827,59.94106],[30.30908,59.94051],[30.30999,59.93989],[30.31244,59.93829],[30.31249,59.93825],[30.31253,59.93822],[30.31256,59.93818],[30.31259,59.93814],[30.3126,59.9381],[30.31261,59.93806],[30.31261,59.93801],[30.3126,59.93797],[30.31242,59.93746],[30.31239,59.93739],[30.3103,59.93665],[30.31013,59.93646],[30.31019,59.93642],[30.31023,59.9364],[30.31056,59.93618],[30.31084,59.93599],[30.31093,59.93593],[30.31123,59.93573],[30.31133,59.93566],[30.31146,59.93557],[30.31151,59.93554],[30.31154,59.93552],[30.31178,59.93536],[30.31186,59.9353],[30.31531,59.933],[30.31782,59.93131],[30.31898,59.93053],[30.32657,59.92545],[30.32703,59.92515],[30.33002,59.9263],[30.33047,59.92606],[30.33056,59.92602],[30.33085,59.92588],[30.33092,59.92585],[30.33154,59.92556],[30.33239,59.92515],[30.33283,59.92494],[30.33375,59.9245],[30.33397,59.9244],[30.33415,59.92432],[30.33465,59.92409],[30.33505,59.9239],[30.33535,59.92375],[30.33562,59.92362],[30.33575,59.92356],[30.33579,59.92354],[30.33523,59.92332],[30.33623,59.92248],[30.33658,59.92219],[30.33669,59.92211],[30.33738,59.92154],[30.33794,59.92108],[30.33812,59.92093],[30.33823,59.92083],[30.33938,59.91988],[30.33951,59.91978],[30.33961,59.91969],[30.33972,59.91959],[30.34058,59.91889],[30.34086,59.91866],[30.34189,59.91781],[30.3422,59.91756],[30.34261,59.91722],[30.34275,59.9171],[30.34255,59.91703],[30.3422,59.9169],[30.34212,59.91687],[30.34123,59.91653],[30.34083,59.91638],[30.34054,59.91626],[30.34011,59.91612],[30.33988,59.91602],[30.34007,59.91569],[30.34071,59.91586],[30.34146,59.91599],[30.34416,59.91608],[30.34519,59.91606],[30.34602,59.91598],[30.35062,59.91522],[30.35557,59.91445],[30.35853,59.91413],[30.35956,59.91403],[30.36181,59.91393],[30.36299,59.91385],[30.36334,59.91387],[30.36951,59.91412],[30.37267,59.91452],[30.38248,59.91627],[30.38829,59.91742],[30.39126,59.91791],[30.39331,59.91832],[30.40221,59.92063],[30.3972,59.92419],[30.39591,59.92574],[30.39428,59.92902],[30.39633,59.93313],[30.4002,59.93896],[30.4011,59.943],[30.40334,59.94863],[30.40407,59.95119],[30.40356,59.95261],[30.40201,59.95379],[30.3993,59.95507],[30.39672,59.95657],[30.38895,59.95782],[30.38367,59.95717],[30.37643,59.9538],[30.37112,59.95227],[30.36356,59.95117],[30.35968,59.9514],[30.34953,59.952],[30.34541,59.95224],[30.33489,59.95015],[30.33042,59.9493],[30.32914,59.94903],[30.3276,59.94862],[30.32665,59.94836],[30.31686,59.94566],[30.30989,59.94164],[30.30827,59.94106]]]]}}]}